facet_id,raw_value,normalized_value,leading_id_prefix,normalization_transforms,is_malformed,malformed_reason,facet_type,conversation_observable,sensitivity,requires_explicit_disclosure,abstention_reason,is_duplicate_normalized,duplicate_of_facet_id,scoring_scale,scoring_anchors_json
F0000,Risktaking,Risktaking,,,False,,personality_trait_or_disposition,True,low,False,,False,,1-5 ordinal,"{""1"": ""Conversation shows clear, explicit evidence of low/absent 'Risktaking' (or strong evidence of the opposite)."", ""2"": ""Conversation shows weak or partial evidence leaning toward low 'Risktaking'."", ""3"": ""Evidence is mixed, neutral, or too thin to lean either direction on 'Risktaking'."", ""4"": ""Conversation shows weak-to-moderate evidence leaning toward high 'Risktaking'."", ""5"": ""Conversation shows clear, explicit, repeated evidence of high 'Risktaking'.""}"
F0001,Naivety,Naivety,,,False,,personality_trait_or_disposition,True,low,False,,False,,1-5 ordinal,"{""1"": ""Conversation shows clear, explicit evidence of low/absent 'Naivety' (or strong evidence of the opposite)."", ""2"": ""Conversation shows weak or partial evidence leaning toward low 'Naivety'."", ""3"": ""Evidence is mixed, neutral, or too thin to lean either direction on 'Naivety'."", ""4"": ""Conversation shows weak-to-moderate evidence leaning toward high 'Naivety'."", ""5"": ""Conversation shows clear, explicit, repeated evidence of high 'Naivety'.""}"
F0002,Acidity,Acidity,,,False,,personality_trait_or_disposition,True,low,False,,False,,1-5 ordinal,"{""1"": ""Conversation shows clear, explicit evidence of low/absent 'Acidity' (or strong evidence of the opposite)."", ""2"": ""Conversation shows weak or partial evidence leaning toward low 'Acidity'."", ""3"": ""Evidence is mixed, neutral, or too thin to lean either direction on 'Acidity'."", ""4"": ""Conversation shows weak-to-moderate evidence leaning toward high 'Acidity'."", ""5"": ""Conversation shows clear, explicit, repeated evidence of high 'Acidity'.""}"
F0003,Democratic Leadership:,Democratic Leadership,,stripped_trailing_colon,True,header_like_trailing_colon,header_artifact,False,n/a,False,not_a_scorable_facet_category_header,False,,,
F0004,Common-sense,Common-sense,,,False,,personality_trait_or_disposition,True,low,False,,False,,1-5 ordinal,"{""1"": ""Conversation shows clear, explicit evidence of low/absent 'Common-sense' (or strong evidence of the opposite)."", ""2"": ""Conversation shows weak or partial evidence leaning toward low 'Common-sense'."", ""3"": ""Evidence is mixed, neutral, or too thin to lean either direction on 'Common-sense'."", ""4"": ""Conversation shows weak-to-moderate evidence leaning toward high 'Common-sense'."", ""5"": ""Conversation shows clear, explicit, repeated evidence of high 'Common-sense'.""}"
F0005,Hesitation,Hesitation,,,False,,personality_trait_or_disposition,True,low,False,,False,,1-5 ordinal,"{""1"": ""Conversation shows clear, explicit evidence of low/absent 'Hesitation' (or strong evidence of the opposite)."", ""2"": ""Conversation shows weak or partial evidence leaning toward low 'Hesitation'."", ""3"": ""Evidence is mixed, neutral, or too thin to lean either direction on 'Hesitation'."", ""4"": ""Conversation shows weak-to-moderate evidence leaning toward high 'Hesitation'."", ""5"": ""Conversation shows clear, explicit, repeated evidence of high 'Hesitation'.""}"
F0006,Discontentment,Discontentment,,,False,,personality_trait_or_disposition,True,low,False,,False,,1-5 ordinal,"{""1"": ""Conversation shows clear, explicit evidence of low/absent 'Discontentment' (or strong evidence of the opposite)."", ""2"": ""Conversation shows weak or partial evidence leaning toward low 'Discontentment'."", ""3"": ""Evidence is mixed, neutral, or too thin to lean either direction on 'Discontentment'."", ""4"": ""Conversation shows weak-to-moderate evidence leaning toward high 'Discontentment'."", ""5"": ""Conversation shows clear, explicit, repeated evidence of high 'Discontentment'.""}"
F0007,Overprotectiveness,Overprotectiveness,,,False,,personality_trait_or_disposition,True,low,False,,False,,1-5 ordinal,"{""1"": ""Conversation shows clear, explicit evidence of low/absent 'Overprotectiveness' (or strong evidence of the opposite)."", ""2"": ""Conversation shows weak or partial evidence leaning toward low 'Overprotectiveness'."", ""3"": ""Evidence is mixed, neutral, or too thin to lean either direction on 'Overprotectiveness'."", ""4"": ""Conversation shows weak-to-moderate evidence leaning toward high 'Overprotectiveness'."", ""5"": ""Conversation shows clear, explicit, repeated evidence of high 'Overprotectiveness'.""}"
F0008,Merriness,Merriness,,,False,,personality_trait_or_disposition,True,low,False,,False,,1-5 ordinal,"{""1"": ""Conversation shows clear, explicit evidence of low/absent 'Merriness' (or strong evidence of the opposite)."", ""2"": ""Conversation shows weak or partial evidence leaning toward low 'Merriness'."", ""3"": ""Evidence is mixed, neutral, or too thin to lean either direction on 'Merriness'."", ""4"": ""Conversation shows weak-to-moderate evidence leaning toward high 'Merriness'."", ""5"": ""Conversation shows clear, explicit, repeated evidence of high 'Merriness'.""}"
F0009,Emotionalism,Emotionalism,,,False,,personality_trait_or_disposition,True,low,False,,False,,1-5 ordinal,"{""1"": ""Conversation shows clear, explicit evidence of low/absent 'Emotionalism' (or strong evidence of the opposite)."", ""2"": ""Conversation shows weak or partial evidence leaning toward low 'Emotionalism'."", ""3"": ""Evidence is mixed, neutral, or too thin to lean either direction on 'Emotionalism'."", ""4"": ""Conversation shows weak-to-moderate evidence leaning toward high 'Emotionalism'."", ""5"": ""Conversation shows clear, explicit, repeated evidence of high 'Emotionalism'.""}"
F0010,Self-improvement,Self-improvement,,,False,,personality_trait_or_disposition,True,low,False,,False,,1-5 ordinal,"{""1"": ""Conversation shows clear, explicit evidence of low/absent 'Self-improvement' (or strong evidence of the opposite)."", ""2"": ""Conversation shows weak or partial evidence leaning toward low 'Self-improvement'."", ""3"": ""Evidence is mixed, neutral, or too thin to lean either direction on 'Self-improvement'."", ""4"": ""Conversation shows weak-to-moderate evidence leaning toward high 'Self-improvement'."", ""5"": ""Conversation shows clear, explicit, repeated evidence of high 'Self-improvement'.""}"
F0011,Statistical Reasoning,Statistical Reasoning,,,False,,cognitive_psychometric,False,medium,False,requires_formal_psychometric_testing,False,,1-5 ordinal,"{""1"": ""Conversation shows clear, explicit evidence of low/absent 'Statistical Reasoning' (or strong evidence of the opposite)."", ""2"": ""Conversation shows weak or partial evidence leaning toward low 'Statistical Reasoning'."", ""3"": ""Evidence is mixed, neutral, or too thin to lean either direction on 'Statistical Reasoning'."", ""4"": ""Conversation shows weak-to-moderate evidence leaning toward high 'Statistical Reasoning'."", ""5"": ""Conversation shows clear, explicit, repeated evidence of high 'Statistical Reasoning'.""}"
F0012,Assertiveness and control in relationships,Assertiveness and control in relationships,,,False,,personality_trait_or_disposition,True,low,False,,False,,1-5 ordinal,"{""1"": ""Conversation shows clear, explicit evidence of low/absent 'Assertiveness and control in relationships' (or strong evidence of the opposite)."", ""2"": ""Conversation shows weak or partial evidence leaning toward low 'Assertiveness and control in relationships'."", ""3"": ""Evidence is mixed, neutral, or too thin to lean either direction on 'Assertiveness and control in relationships'."", ""4"": ""Conversation shows weak-to-moderate evidence leaning toward high 'Assertiveness and control in relationships'."", ""5"": ""Conversation shows clear, explicit, repeated evidence of high 'Assertiveness and control in relationships'.""}"
F0013,Cunningness,Cunningness,,,False,,personality_trait_or_disposition,True,low,False,,False,,1-5 ordinal,"{""1"": ""Conversation shows clear, explicit evidence of low/absent 'Cunningness' (or strong evidence of the opposite)."", ""2"": ""Conversation shows weak or partial evidence leaning toward low 'Cunningness'."", ""3"": ""Evidence is mixed, neutral, or too thin to lean either direction on 'Cunningness'."", ""4"": ""Conversation shows weak-to-moderate evidence leaning toward high 'Cunningness'."", ""5"": ""Conversation shows clear, explicit, repeated evidence of high 'Cunningness'.""}"
F0014,Adventure-Seeking Behavior,Adventure-Seeking Behavior,,,False,,personality_trait_or_disposition,True,low,False,,False,,1-5 ordinal,"{""1"": ""Conversation shows clear, explicit evidence of low/absent 'Adventure-Seeking Behavior' (or strong evidence of the opposite)."", ""2"": ""Conversation shows weak or partial evidence leaning toward low 'Adventure-Seeking Behavior'."", ""3"": ""Evidence is mixed, neutral, or too thin to lean either direction on 'Adventure-Seeking Behavior'."", ""4"": ""Conversation shows weak-to-moderate evidence leaning toward high 'Adventure-Seeking Behavior'."", ""5"": ""Conversation shows clear, explicit, repeated evidence of high 'Adventure-Seeking Behavior'.""}"
F0015,Compassion Fatigue,Compassion Fatigue,,,False,,personality_trait_or_disposition,True,low,False,,False,,1-5 ordinal,"{""1"": ""Conversation shows clear, explicit evidence of low/absent 'Compassion Fatigue' (or strong evidence of the opposite)."", ""2"": ""Conversation shows weak or partial evidence leaning toward low 'Compassion Fatigue'."", ""3"": ""Evidence is mixed, neutral, or too thin to lean either direction on 'Compassion Fatigue'."", ""4"": ""Conversation shows weak-to-moderate evidence leaning toward high 'Compassion Fatigue'."", ""5"": ""Conversation shows clear, explicit, repeated evidence of high 'Compassion Fatigue'.""}"
F0016,Moroseness,Moroseness,,,False,,personality_trait_or_disposition,True,low,False,,False,,1-5 ordinal,"{""1"": ""Conversation shows clear, explicit evidence of low/absent 'Moroseness' (or strong evidence of the opposite)."", ""2"": ""Conversation shows weak or partial evidence leaning toward low 'Moroseness'."", ""3"": ""Evidence is mixed, neutral, or too thin to lean either direction on 'Moroseness'."", ""4"": ""Conversation shows weak-to-moderate evidence leaning toward high 'Moroseness'."", ""5"": ""Conversation shows clear, explicit, repeated evidence of high 'Moroseness'.""}"
F0017,Specialist,Specialist,,,False,,personality_trait_or_disposition,True,low,False,,False,,1-5 ordinal,"{""1"": ""Conversation shows clear, explicit evidence of low/absent 'Specialist' (or strong evidence of the opposite)."", ""2"": ""Conversation shows weak or partial evidence leaning toward low 'Specialist'."", ""3"": ""Evidence is mixed, neutral, or too thin to lean either direction on 'Specialist'."", ""4"": ""Conversation shows weak-to-moderate evidence leaning toward high 'Specialist'."", ""5"": ""Conversation shows clear, explicit, repeated evidence of high 'Specialist'.""}"
F0018,Aloofness,Aloofness,,,False,,personality_trait_or_disposition,True,low,False,,False,,1-5 ordinal,"{""1"": ""Conversation shows clear, explicit evidence of low/absent 'Aloofness' (or strong evidence of the opposite)."", ""2"": ""Conversation shows weak or partial evidence leaning toward low 'Aloofness'."", ""3"": ""Evidence is mixed, neutral, or too thin to lean either direction on 'Aloofness'."", ""4"": ""Conversation shows weak-to-moderate evidence leaning toward high 'Aloofness'."", ""5"": ""Conversation shows clear, explicit, repeated evidence of high 'Aloofness'.""}"
F0019,Genuine,Genuine,,,False,,personality_trait_or_disposition,True,low,False,,False,,1-5 ordinal,"{""1"": ""Conversation shows clear, explicit evidence of low/absent 'Genuine' (or strong evidence of the opposite)."", ""2"": ""Conversation shows weak or partial evidence leaning toward low 'Genuine'."", ""3"": ""Evidence is mixed, neutral, or too thin to lean either direction on 'Genuine'."", ""4"": ""Conversation shows weak-to-moderate evidence leaning toward high 'Genuine'."", ""5"": ""Conversation shows clear, explicit, repeated evidence of high 'Genuine'.""}"
F0020,Determinedness,Determinedness,,,False,,personality_trait_or_disposition,True,low,False,,False,,1-5 ordinal,"{""1"": ""Conversation shows clear, explicit evidence of low/absent 'Determinedness' (or strong evidence of the opposite)."", ""2"": ""Conversation shows weak or partial evidence leaning toward low 'Determinedness'."", ""3"": ""Evidence is mixed, neutral, or too thin to lean either direction on 'Determinedness'."", ""4"": ""Conversation shows weak-to-moderate evidence leaning toward high 'Determinedness'."", ""5"": ""Conversation shows clear, explicit, repeated evidence of high 'Determinedness'.""}"
F0021,HonestyHumility:,Honesty Humility,,stripped_trailing_colon;split_camel_case,True,header_like_trailing_colon,header_artifact,False,n/a,False,not_a_scorable_facet_category_header,False,,,
F0022,Relationship Building Themes:,Relationship Building Themes,,stripped_trailing_colon,True,header_like_trailing_colon,header_artifact,False,n/a,False,not_a_scorable_facet_category_header,False,,,
F0023,Pure Challenge,Pure Challenge,,,False,,personality_trait_or_disposition,True,low,False,,False,,1-5 ordinal,"{""1"": ""Conversation shows clear, explicit evidence of low/absent 'Pure Challenge' (or strong evidence of the opposite)."", ""2"": ""Conversation shows weak or partial evidence leaning toward low 'Pure Challenge'."", ""3"": ""Evidence is mixed, neutral, or too thin to lean either direction on 'Pure Challenge'."", ""4"": ""Conversation shows weak-to-moderate evidence leaning toward high 'Pure Challenge'."", ""5"": ""Conversation shows clear, explicit, repeated evidence of high 'Pure Challenge'.""}"
F0024,Numerical Reasoning Subcomponents:,Numerical Reasoning Subcomponents,,stripped_trailing_colon,True,header_like_trailing_colon,header_artifact,False,n/a,False,not_a_scorable_facet_category_header,False,,,
F0025,Openness,Openness,,,False,,personality_trait_or_disposition,True,low,False,,False,,1-5 ordinal,"{""1"": ""Conversation shows clear, explicit evidence of low/absent 'Openness' (or strong evidence of the opposite)."", ""2"": ""Conversation shows weak or partial evidence leaning toward low 'Openness'."", ""3"": ""Evidence is mixed, neutral, or too thin to lean either direction on 'Openness'."", ""4"": ""Conversation shows weak-to-moderate evidence leaning toward high 'Openness'."", ""5"": ""Conversation shows clear, explicit, repeated evidence of high 'Openness'.""}"
F0026,SelfEsteem,Self Esteem,,split_camel_case,False,,personality_trait_or_disposition,True,low,False,,False,,1-5 ordinal,"{""1"": ""Conversation shows clear, explicit evidence of low/absent 'Self Esteem' (or strong evidence of the opposite)."", ""2"": ""Conversation shows weak or partial evidence leaning toward low 'Self Esteem'."", ""3"": ""Evidence is mixed, neutral, or too thin to lean either direction on 'Self Esteem'."", ""4"": ""Conversation shows weak-to-moderate evidence leaning toward high 'Self Esteem'."", ""5"": ""Conversation shows clear, explicit, repeated evidence of high 'Self Esteem'.""}"
F0027,Comparing alphanumeric data,Comparing alphanumeric data,,,False,,cognitive_psychometric,False,medium,False,requires_formal_psychometric_testing,False,,1-5 ordinal,"{""1"": ""Conversation shows clear, explicit evidence of low/absent 'Comparing alphanumeric data' (or strong evidence of the opposite)."", ""2"": ""Conversation shows weak or partial evidence leaning toward low 'Comparing alphanumeric data'."", ""3"": ""Evidence is mixed, neutral, or too thin to lean either direction on 'Comparing alphanumeric data'."", ""4"": ""Conversation shows weak-to-moderate evidence leaning toward high 'Comparing alphanumeric data'."", ""5"": ""Conversation shows clear, explicit, repeated evidence of high 'Comparing alphanumeric data'.""}"
F0028,Big-heartedness,Big-heartedness,,,False,,personality_trait_or_disposition,True,low,False,,False,,1-5 ordinal,"{""1"": ""Conversation shows clear, explicit evidence of low/absent 'Big-heartedness' (or strong evidence of the opposite)."", ""2"": ""Conversation shows weak or partial evidence leaning toward low 'Big-heartedness'."", ""3"": ""Evidence is mixed, neutral, or too thin to lean either direction on 'Big-heartedness'."", ""4"": ""Conversation shows weak-to-moderate evidence leaning toward high 'Big-heartedness'."", ""5"": ""Conversation shows clear, explicit, repeated evidence of high 'Big-heartedness'.""}"
F0029,Compulsive activities,Compulsive activities,,,False,,personality_trait_or_disposition,True,low,False,,False,,1-5 ordinal,"{""1"": ""Conversation shows clear, explicit evidence of low/absent 'Compulsive activities' (or strong evidence of the opposite)."", ""2"": ""Conversation shows weak or partial evidence leaning toward low 'Compulsive activities'."", ""3"": ""Evidence is mixed, neutral, or too thin to lean either direction on 'Compulsive activities'."", ""4"": ""Conversation shows weak-to-moderate evidence leaning toward high 'Compulsive activities'."", ""5"": ""Conversation shows clear, explicit, repeated evidence of high 'Compulsive activities'.""}"
F0030,Disrespect,Disrespect,,,False,,personality_trait_or_disposition,True,low,False,,False,,1-5 ordinal,"{""1"": ""Conversation shows clear, explicit evidence of low/absent 'Disrespect' (or strong evidence of the opposite)."", ""2"": ""Conversation shows weak or partial evidence leaning toward low 'Disrespect'."", ""3"": ""Evidence is mixed, neutral, or too thin to lean either direction on 'Disrespect'."", ""4"": ""Conversation shows weak-to-moderate evidence leaning toward high 'Disrespect'."", ""5"": ""Conversation shows clear, explicit, repeated evidence of high 'Disrespect'.""}"
F0031,FSH level,FSH level,,,False,,medical_biological,False,high,False,requires_medical_lab_or_genetic_evidence,False,,1-5 ordinal,"{""1"": ""Conversation shows clear, explicit evidence of low/absent 'FSH level' (or strong evidence of the opposite)."", ""2"": ""Conversation shows weak or partial evidence leaning toward low 'FSH level'."", ""3"": ""Evidence is mixed, neutral, or too thin to lean either direction on 'FSH level'."", ""4"": ""Conversation shows weak-to-moderate evidence leaning toward high 'FSH level'."", ""5"": ""Conversation shows clear, explicit, repeated evidence of high 'FSH level'.""}"
F0032,Self Perspective,Self Perspective,,,False,,personality_trait_or_disposition,True,low,False,,False,,1-5 ordinal,"{""1"": ""Conversation shows clear, explicit evidence of low/absent 'Self Perspective' (or strong evidence of the opposite)."", ""2"": ""Conversation shows weak or partial evidence leaning toward low 'Self Perspective'."", ""3"": ""Evidence is mixed, neutral, or too thin to lean either direction on 'Self Perspective'."", ""4"": ""Conversation shows weak-to-moderate evidence leaning toward high 'Self Perspective'."", ""5"": ""Conversation shows clear, explicit, repeated evidence of high 'Self Perspective'.""}"
F0033,Desperation,Desperation,,,False,,personality_trait_or_disposition,True,low,False,,False,,1-5 ordinal,"{""1"": ""Conversation shows clear, explicit evidence of low/absent 'Desperation' (or strong evidence of the opposite)."", ""2"": ""Conversation shows weak or partial evidence leaning toward low 'Desperation'."", ""3"": ""Evidence is mixed, neutral, or too thin to lean either direction on 'Desperation'."", ""4"": ""Conversation shows weak-to-moderate evidence leaning toward high 'Desperation'."", ""5"": ""Conversation shows clear, explicit, repeated evidence of high 'Desperation'.""}"
F0034,Affiliation Motivation:,Affiliation Motivation,,stripped_trailing_colon,True,header_like_trailing_colon,header_artifact,False,n/a,False,not_a_scorable_facet_category_header,False,,,
F0035,Anatomy knowledge,Anatomy knowledge,,,False,,personality_trait_or_disposition,True,low,False,,False,,1-5 ordinal,"{""1"": ""Conversation shows clear, explicit evidence of low/absent 'Anatomy knowledge' (or strong evidence of the opposite)."", ""2"": ""Conversation shows weak or partial evidence leaning toward low 'Anatomy knowledge'."", ""3"": ""Evidence is mixed, neutral, or too thin to lean either direction on 'Anatomy knowledge'."", ""4"": ""Conversation shows weak-to-moderate evidence leaning toward high 'Anatomy knowledge'."", ""5"": ""Conversation shows clear, explicit, repeated evidence of high 'Anatomy knowledge'.""}"
F0036,Passive-Aggressive,Passive-Aggressive,,,False,,personality_trait_or_disposition,True,low,False,,False,,1-5 ordinal,"{""1"": ""Conversation shows clear, explicit evidence of low/absent 'Passive-Aggressive' (or strong evidence of the opposite)."", ""2"": ""Conversation shows weak or partial evidence leaning toward low 'Passive-Aggressive'."", ""3"": ""Evidence is mixed, neutral, or too thin to lean either direction on 'Passive-Aggressive'."", ""4"": ""Conversation shows weak-to-moderate evidence leaning toward high 'Passive-Aggressive'."", ""5"": ""Conversation shows clear, explicit, repeated evidence of high 'Passive-Aggressive'.""}"
F0037,Presence of Spiritual Pain,Presence of Spiritual Pain,,,False,,spiritual_religious_practice,True,medium,True,,False,,1-5 ordinal,"{""1"": ""Conversation shows clear, explicit evidence of low/absent 'Presence of Spiritual Pain' (or strong evidence of the opposite)."", ""2"": ""Conversation shows weak or partial evidence leaning toward low 'Presence of Spiritual Pain'."", ""3"": ""Evidence is mixed, neutral, or too thin to lean either direction on 'Presence of Spiritual Pain'."", ""4"": ""Conversation shows weak-to-moderate evidence leaning toward high 'Presence of Spiritual Pain'."", ""5"": ""Conversation shows clear, explicit, repeated evidence of high 'Presence of Spiritual Pain'.""}"
F0038,Role of Spirituality in Community Involvement,Role of Spirituality in Community Involvement,,,False,,spiritual_religious_practice,True,medium,True,,False,,1-5 ordinal,"{""1"": ""Conversation shows clear, explicit evidence of low/absent 'Role of Spirituality in Community Involvement' (or strong evidence of the opposite)."", ""2"": ""Conversation shows weak or partial evidence leaning toward low 'Role of Spirituality in Community Involvement'."", ""3"": ""Evidence is mixed, neutral, or too thin to lean either direction on 'Role of Spirituality in Community Involvement'."", ""4"": ""Conversation shows weak-to-moderate evidence leaning toward high 'Role of Spirituality in Community Involvement'."", ""5"": ""Conversation shows clear, explicit, repeated evidence of high 'Role of Spirituality in Community Involvement'.""}"
F0039,Structure,Structure,,,False,,personality_trait_or_disposition,True,low,False,,False,,1-5 ordinal,"{""1"": ""Conversation shows clear, explicit evidence of low/absent 'Structure' (or strong evidence of the opposite)."", ""2"": ""Conversation shows weak or partial evidence leaning toward low 'Structure'."", ""3"": ""Evidence is mixed, neutral, or too thin to lean either direction on 'Structure'."", ""4"": ""Conversation shows weak-to-moderate evidence leaning toward high 'Structure'."", ""5"": ""Conversation shows clear, explicit, repeated evidence of high 'Structure'.""}"
F0040,Eco-tourism trips,Eco-tourism trips,,,False,,personality_trait_or_disposition,True,low,False,,False,,1-5 ordinal,"{""1"": ""Conversation shows clear, explicit evidence of low/absent 'Eco-tourism trips' (or strong evidence of the opposite)."", ""2"": ""Conversation shows weak or partial evidence leaning toward low 'Eco-tourism trips'."", ""3"": ""Evidence is mixed, neutral, or too thin to lean either direction on 'Eco-tourism trips'."", ""4"": ""Conversation shows weak-to-moderate evidence leaning toward high 'Eco-tourism trips'."", ""5"": ""Conversation shows clear, explicit, repeated evidence of high 'Eco-tourism trips'.""}"
F0041,Chivalrousness,Chivalrousness,,,False,,personality_trait_or_disposition,True,low,False,,False,,1-5 ordinal,"{""1"": ""Conversation shows clear, explicit evidence of low/absent 'Chivalrousness' (or strong evidence of the opposite)."", ""2"": ""Conversation shows weak or partial evidence leaning toward low 'Chivalrousness'."", ""3"": ""Evidence is mixed, neutral, or too thin to lean either direction on 'Chivalrousness'."", ""4"": ""Conversation shows weak-to-moderate evidence leaning toward high 'Chivalrousness'."", ""5"": ""Conversation shows clear, explicit, repeated evidence of high 'Chivalrousness'.""}"
F0042,Pilgrimage participation count,Pilgrimage participation count,,,False,,spiritual_religious_practice,True,medium,True,,False,,1-5 ordinal,"{""1"": ""Conversation shows clear, explicit evidence of low/absent 'Pilgrimage participation count' (or strong evidence of the opposite)."", ""2"": ""Conversation shows weak or partial evidence leaning toward low 'Pilgrimage participation count'."", ""3"": ""Evidence is mixed, neutral, or too thin to lean either direction on 'Pilgrimage participation count'."", ""4"": ""Conversation shows weak-to-moderate evidence leaning toward high 'Pilgrimage participation count'."", ""5"": ""Conversation shows clear, explicit, repeated evidence of high 'Pilgrimage participation count'.""}"
F0043,Mindfulness facet: Observing,Mindfulness facet: Observing,,,False,,personality_trait_or_disposition,True,low,False,,False,,1-5 ordinal,"{""1"": ""Conversation shows clear, explicit evidence of low/absent 'Mindfulness facet: Observing' (or strong evidence of the opposite)."", ""2"": ""Conversation shows weak or partial evidence leaning toward low 'Mindfulness facet: Observing'."", ""3"": ""Evidence is mixed, neutral, or too thin to lean either direction on 'Mindfulness facet: Observing'."", ""4"": ""Conversation shows weak-to-moderate evidence leaning toward high 'Mindfulness facet: Observing'."", ""5"": ""Conversation shows clear, explicit, repeated evidence of high 'Mindfulness facet: Observing'.""}"
F0044,Submissiveness,Submissiveness,,,False,,personality_trait_or_disposition,True,low,False,,False,,1-5 ordinal,"{""1"": ""Conversation shows clear, explicit evidence of low/absent 'Submissiveness' (or strong evidence of the opposite)."", ""2"": ""Conversation shows weak or partial evidence leaning toward low 'Submissiveness'."", ""3"": ""Evidence is mixed, neutral, or too thin to lean either direction on 'Submissiveness'."", ""4"": ""Conversation shows weak-to-moderate evidence leaning toward high 'Submissiveness'."", ""5"": ""Conversation shows clear, explicit, repeated evidence of high 'Submissiveness'.""}"
F0045,Training-cycle length,Training-cycle length,,,False,,personality_trait_or_disposition,True,low,False,,False,,1-5 ordinal,"{""1"": ""Conversation shows clear, explicit evidence of low/absent 'Training-cycle length' (or strong evidence of the opposite)."", ""2"": ""Conversation shows weak or partial evidence leaning toward low 'Training-cycle length'."", ""3"": ""Evidence is mixed, neutral, or too thin to lean either direction on 'Training-cycle length'."", ""4"": ""Conversation shows weak-to-moderate evidence leaning toward high 'Training-cycle length'."", ""5"": ""Conversation shows clear, explicit, repeated evidence of high 'Training-cycle length'.""}"
F0046,Sensitiveness,Sensitiveness,,,False,,personality_trait_or_disposition,True,low,False,,False,,1-5 ordinal,"{""1"": ""Conversation shows clear, explicit evidence of low/absent 'Sensitiveness' (or strong evidence of the opposite)."", ""2"": ""Conversation shows weak or partial evidence leaning toward low 'Sensitiveness'."", ""3"": ""Evidence is mixed, neutral, or too thin to lean either direction on 'Sensitiveness'."", ""4"": ""Conversation shows weak-to-moderate evidence leaning toward high 'Sensitiveness'."", ""5"": ""Conversation shows clear, explicit, repeated evidence of high 'Sensitiveness'.""}"
F0047,Negative Affect Frequency,Negative Affect Frequency,,,False,,behavioral_frequency_count,True,low,True,,False,,1-5 ordinal,"{""1"": ""Conversation shows clear, explicit evidence of low/absent 'Negative Affect Frequency' (or strong evidence of the opposite)."", ""2"": ""Conversation shows weak or partial evidence leaning toward low 'Negative Affect Frequency'."", ""3"": ""Evidence is mixed, neutral, or too thin to lean either direction on 'Negative Affect Frequency'."", ""4"": ""Conversation shows weak-to-moderate evidence leaning toward high 'Negative Affect Frequency'."", ""5"": ""Conversation shows clear, explicit, repeated evidence of high 'Negative Affect Frequency'.""}"
F0048,Innovation and Creativity Components:,Innovation and Creativity Components,,stripped_trailing_colon,True,header_like_trailing_colon,header_artifact,False,n/a,False,not_a_scorable_facet_category_header,False,,,
F0049,Achievement Motivation:,Achievement Motivation,,stripped_trailing_colon,True,header_like_trailing_colon,header_artifact,False,n/a,False,not_a_scorable_facet_category_header,False,,,
F0050,Feedback-giving frequency,Feedback-giving frequency,,,False,,behavioral_frequency_count,True,low,True,,False,,1-5 ordinal,"{""1"": ""Conversation shows clear, explicit evidence of low/absent 'Feedback-giving frequency' (or strong evidence of the opposite)."", ""2"": ""Conversation shows weak or partial evidence leaning toward low 'Feedback-giving frequency'."", ""3"": ""Evidence is mixed, neutral, or too thin to lean either direction on 'Feedback-giving frequency'."", ""4"": ""Conversation shows weak-to-moderate evidence leaning toward high 'Feedback-giving frequency'."", ""5"": ""Conversation shows clear, explicit, repeated evidence of high 'Feedback-giving frequency'.""}"
F0051,Dance-cardio sessions,Dance-cardio sessions,,,False,,behavioral_frequency_count,True,low,True,,False,,1-5 ordinal,"{""1"": ""Conversation shows clear, explicit evidence of low/absent 'Dance-cardio sessions' (or strong evidence of the opposite)."", ""2"": ""Conversation shows weak or partial evidence leaning toward low 'Dance-cardio sessions'."", ""3"": ""Evidence is mixed, neutral, or too thin to lean either direction on 'Dance-cardio sessions'."", ""4"": ""Conversation shows weak-to-moderate evidence leaning toward high 'Dance-cardio sessions'."", ""5"": ""Conversation shows clear, explicit, repeated evidence of high 'Dance-cardio sessions'.""}"
F0052,Enthusiasm,Enthusiasm,,,False,,personality_trait_or_disposition,True,low,False,,False,,1-5 ordinal,"{""1"": ""Conversation shows clear, explicit evidence of low/absent 'Enthusiasm' (or strong evidence of the opposite)."", ""2"": ""Conversation shows weak or partial evidence leaning toward low 'Enthusiasm'."", ""3"": ""Evidence is mixed, neutral, or too thin to lean either direction on 'Enthusiasm'."", ""4"": ""Conversation shows weak-to-moderate evidence leaning toward high 'Enthusiasm'."", ""5"": ""Conversation shows clear, explicit, repeated evidence of high 'Enthusiasm'.""}"
F0053,Psychological construct: Social Desirability tendency,Psychological construct: Social Desirability tendency,,,False,,personality_trait_or_disposition,True,low,False,,False,,1-5 ordinal,"{""1"": ""Conversation shows clear, explicit evidence of low/absent 'Psychological construct: Social Desirability tendency' (or strong evidence of the opposite)."", ""2"": ""Conversation shows weak or partial evidence leaning toward low 'Psychological construct: Social Desirability tendency'."", ""3"": ""Evidence is mixed, neutral, or too thin to lean either direction on 'Psychological construct: Social Desirability tendency'."", ""4"": ""Conversation shows weak-to-moderate evidence leaning toward high 'Psychological construct: Social Desirability tendency'."", ""5"": ""Conversation shows clear, explicit, repeated evidence of high 'Psychological construct: Social Desirability tendency'.""}"
F0054,Inattentiveness,Inattentiveness,,,False,,personality_trait_or_disposition,True,low,False,,False,,1-5 ordinal,"{""1"": ""Conversation shows clear, explicit evidence of low/absent 'Inattentiveness' (or strong evidence of the opposite)."", ""2"": ""Conversation shows weak or partial evidence leaning toward low 'Inattentiveness'."", ""3"": ""Evidence is mixed, neutral, or too thin to lean either direction on 'Inattentiveness'."", ""4"": ""Conversation shows weak-to-moderate evidence leaning toward high 'Inattentiveness'."", ""5"": ""Conversation shows clear, explicit, repeated evidence of high 'Inattentiveness'.""}"
F0055,Unassertiveness,Unassertiveness,,,False,,personality_trait_or_disposition,True,low,False,,False,,1-5 ordinal,"{""1"": ""Conversation shows clear, explicit evidence of low/absent 'Unassertiveness' (or strong evidence of the opposite)."", ""2"": ""Conversation shows weak or partial evidence leaning toward low 'Unassertiveness'."", ""3"": ""Evidence is mixed, neutral, or too thin to lean either direction on 'Unassertiveness'."", ""4"": ""Conversation shows weak-to-moderate evidence leaning toward high 'Unassertiveness'."", ""5"": ""Conversation shows clear, explicit, repeated evidence of high 'Unassertiveness'.""}"
F0056,Decision-making decisiveness,Decision-making decisiveness,,,False,,personality_trait_or_disposition,True,low,False,,False,,1-5 ordinal,"{""1"": ""Conversation shows clear, explicit evidence of low/absent 'Decision-making decisiveness' (or strong evidence of the opposite)."", ""2"": ""Conversation shows weak or partial evidence leaning toward low 'Decision-making decisiveness'."", ""3"": ""Evidence is mixed, neutral, or too thin to lean either direction on 'Decision-making decisiveness'."", ""4"": ""Conversation shows weak-to-moderate evidence leaning toward high 'Decision-making decisiveness'."", ""5"": ""Conversation shows clear, explicit, repeated evidence of high 'Decision-making decisiveness'.""}"
F0057,Sense-of-coherence score,Sense-of-coherence score,,,False,,personality_trait_or_disposition,True,low,False,,False,,1-5 ordinal,"{""1"": ""Conversation shows clear, explicit evidence of low/absent 'Sense-of-coherence score' (or strong evidence of the opposite)."", ""2"": ""Conversation shows weak or partial evidence leaning toward low 'Sense-of-coherence score'."", ""3"": ""Evidence is mixed, neutral, or too thin to lean either direction on 'Sense-of-coherence score'."", ""4"": ""Conversation shows weak-to-moderate evidence leaning toward high 'Sense-of-coherence score'."", ""5"": ""Conversation shows clear, explicit, repeated evidence of high 'Sense-of-coherence score'.""}"
F0058,Justice-mindedness,Justice-mindedness,,,False,,personality_trait_or_disposition,True,low,False,,False,,1-5 ordinal,"{""1"": ""Conversation shows clear, explicit evidence of low/absent 'Justice-mindedness' (or strong evidence of the opposite)."", ""2"": ""Conversation shows weak or partial evidence leaning toward low 'Justice-mindedness'."", ""3"": ""Evidence is mixed, neutral, or too thin to lean either direction on 'Justice-mindedness'."", ""4"": ""Conversation shows weak-to-moderate evidence leaning toward high 'Justice-mindedness'."", ""5"": ""Conversation shows clear, explicit, repeated evidence of high 'Justice-mindedness'.""}"
F0059,Subscription count,Subscription count,,,False,,behavioral_frequency_count,True,low,True,,False,,1-5 ordinal,"{""1"": ""Conversation shows clear, explicit evidence of low/absent 'Subscription count' (or strong evidence of the opposite)."", ""2"": ""Conversation shows weak or partial evidence leaning toward low 'Subscription count'."", ""3"": ""Evidence is mixed, neutral, or too thin to lean either direction on 'Subscription count'."", ""4"": ""Conversation shows weak-to-moderate evidence leaning toward high 'Subscription count'."", ""5"": ""Conversation shows clear, explicit, repeated evidence of high 'Subscription count'.""}"
F0060,Depression Symptoms,Depression Symptoms,,,False,,clinical_psychological_scale,False,high,False,requires_validated_clinical_instrument_or_diagnosis,False,,1-5 ordinal,"{""1"": ""Conversation shows clear, explicit evidence of low/absent 'Depression Symptoms' (or strong evidence of the opposite)."", ""2"": ""Conversation shows weak or partial evidence leaning toward low 'Depression Symptoms'."", ""3"": ""Evidence is mixed, neutral, or too thin to lean either direction on 'Depression Symptoms'."", ""4"": ""Conversation shows weak-to-moderate evidence leaning toward high 'Depression Symptoms'."", ""5"": ""Conversation shows clear, explicit, repeated evidence of high 'Depression Symptoms'.""}"
F0061,Spatial perception,Spatial perception,,,False,,cognitive_psychometric,False,medium,False,requires_formal_psychometric_testing,False,,1-5 ordinal,"{""1"": ""Conversation shows clear, explicit evidence of low/absent 'Spatial perception' (or strong evidence of the opposite)."", ""2"": ""Conversation shows weak or partial evidence leaning toward low 'Spatial perception'."", ""3"": ""Evidence is mixed, neutral, or too thin to lean either direction on 'Spatial perception'."", ""4"": ""Conversation shows weak-to-moderate evidence leaning toward high 'Spatial perception'."", ""5"": ""Conversation shows clear, explicit, repeated evidence of high 'Spatial perception'.""}"
F0062,Brevity,Brevity,,,False,,personality_trait_or_disposition,True,low,False,,False,,1-5 ordinal,"{""1"": ""Conversation shows clear, explicit evidence of low/absent 'Brevity' (or strong evidence of the opposite)."", ""2"": ""Conversation shows weak or partial evidence leaning toward low 'Brevity'."", ""3"": ""Evidence is mixed, neutral, or too thin to lean either direction on 'Brevity'."", ""4"": ""Conversation shows weak-to-moderate evidence leaning toward high 'Brevity'."", ""5"": ""Conversation shows clear, explicit, repeated evidence of high 'Brevity'.""}"
F0063,Orderliness,Orderliness,,,False,,personality_trait_or_disposition,True,low,False,,False,,1-5 ordinal,"{""1"": ""Conversation shows clear, explicit evidence of low/absent 'Orderliness' (or strong evidence of the opposite)."", ""2"": ""Conversation shows weak or partial evidence leaning toward low 'Orderliness'."", ""3"": ""Evidence is mixed, neutral, or too thin to lean either direction on 'Orderliness'."", ""4"": ""Conversation shows weak-to-moderate evidence leaning toward high 'Orderliness'."", ""5"": ""Conversation shows clear, explicit, repeated evidence of high 'Orderliness'.""}"
F0064,Multiculturalism,Multiculturalism,,,False,,personality_trait_or_disposition,True,low,False,,False,,1-5 ordinal,"{""1"": ""Conversation shows clear, explicit evidence of low/absent 'Multiculturalism' (or strong evidence of the opposite)."", ""2"": ""Conversation shows weak or partial evidence leaning toward low 'Multiculturalism'."", ""3"": ""Evidence is mixed, neutral, or too thin to lean either direction on 'Multiculturalism'."", ""4"": ""Conversation shows weak-to-moderate evidence leaning toward high 'Multiculturalism'."", ""5"": ""Conversation shows clear, explicit, repeated evidence of high 'Multiculturalism'.""}"
F0065,Creative risk-taking tendency,Creative risk-taking tendency,,,False,,personality_trait_or_disposition,True,low,False,,False,,1-5 ordinal,"{""1"": ""Conversation shows clear, explicit evidence of low/absent 'Creative risk-taking tendency' (or strong evidence of the opposite)."", ""2"": ""Conversation shows weak or partial evidence leaning toward low 'Creative risk-taking tendency'."", ""3"": ""Evidence is mixed, neutral, or too thin to lean either direction on 'Creative risk-taking tendency'."", ""4"": ""Conversation shows weak-to-moderate evidence leaning toward high 'Creative risk-taking tendency'."", ""5"": ""Conversation shows clear, explicit, repeated evidence of high 'Creative risk-taking tendency'.""}"
F0066,Inefficiency,Inefficiency,,,False,,personality_trait_or_disposition,True,low,False,,False,,1-5 ordinal,"{""1"": ""Conversation shows clear, explicit evidence of low/absent 'Inefficiency' (or strong evidence of the opposite)."", ""2"": ""Conversation shows weak or partial evidence leaning toward low 'Inefficiency'."", ""3"": ""Evidence is mixed, neutral, or too thin to lean either direction on 'Inefficiency'."", ""4"": ""Conversation shows weak-to-moderate evidence leaning toward high 'Inefficiency'."", ""5"": ""Conversation shows clear, explicit, repeated evidence of high 'Inefficiency'.""}"
F0067,Network basics,Network basics,,,False,,personality_trait_or_disposition,True,low,False,,False,,1-5 ordinal,"{""1"": ""Conversation shows clear, explicit evidence of low/absent 'Network basics' (or strong evidence of the opposite)."", ""2"": ""Conversation shows weak or partial evidence leaning toward low 'Network basics'."", ""3"": ""Evidence is mixed, neutral, or too thin to lean either direction on 'Network basics'."", ""4"": ""Conversation shows weak-to-moderate evidence leaning toward high 'Network basics'."", ""5"": ""Conversation shows clear, explicit, repeated evidence of high 'Network basics'.""}"
F0068,Alphabetical filing skills,Alphabetical filing skills,,,False,,cognitive_psychometric,False,medium,False,requires_formal_psychometric_testing,False,,1-5 ordinal,"{""1"": ""Conversation shows clear, explicit evidence of low/absent 'Alphabetical filing skills' (or strong evidence of the opposite)."", ""2"": ""Conversation shows weak or partial evidence leaning toward low 'Alphabetical filing skills'."", ""3"": ""Evidence is mixed, neutral, or too thin to lean either direction on 'Alphabetical filing skills'."", ""4"": ""Conversation shows weak-to-moderate evidence leaning toward high 'Alphabetical filing skills'."", ""5"": ""Conversation shows clear, explicit, repeated evidence of high 'Alphabetical filing skills'.""}"
F0069,Work Styles,Work Styles,,,False,,personality_trait_or_disposition,True,low,False,,False,,1-5 ordinal,"{""1"": ""Conversation shows clear, explicit evidence of low/absent 'Work Styles' (or strong evidence of the opposite)."", ""2"": ""Conversation shows weak or partial evidence leaning toward low 'Work Styles'."", ""3"": ""Evidence is mixed, neutral, or too thin to lean either direction on 'Work Styles'."", ""4"": ""Conversation shows weak-to-moderate evidence leaning toward high 'Work Styles'."", ""5"": ""Conversation shows clear, explicit, repeated evidence of high 'Work Styles'.""}"
F0070,Character strength: Perseverance,Character strength: Perseverance,,,False,,personality_trait_or_disposition,True,low,False,,False,,1-5 ordinal,"{""1"": ""Conversation shows clear, explicit evidence of low/absent 'Character strength: Perseverance' (or strong evidence of the opposite)."", ""2"": ""Conversation shows weak or partial evidence leaning toward low 'Character strength: Perseverance'."", ""3"": ""Evidence is mixed, neutral, or too thin to lean either direction on 'Character strength: Perseverance'."", ""4"": ""Conversation shows weak-to-moderate evidence leaning toward high 'Character strength: Perseverance'."", ""5"": ""Conversation shows clear, explicit, repeated evidence of high 'Character strength: Perseverance'.""}"
F0071,Competition,Competition,,,False,,personality_trait_or_disposition,True,low,False,,False,,1-5 ordinal,"{""1"": ""Conversation shows clear, explicit evidence of low/absent 'Competition' (or strong evidence of the opposite)."", ""2"": ""Conversation shows weak or partial evidence leaning toward low 'Competition'."", ""3"": ""Evidence is mixed, neutral, or too thin to lean either direction on 'Competition'."", ""4"": ""Conversation shows weak-to-moderate evidence leaning toward high 'Competition'."", ""5"": ""Conversation shows clear, explicit, repeated evidence of high 'Competition'.""}"
F0072,Logical Sequence Identification,Logical Sequence Identification,,,False,,personality_trait_or_disposition,True,low,False,,False,,1-5 ordinal,"{""1"": ""Conversation shows clear, explicit evidence of low/absent 'Logical Sequence Identification' (or strong evidence of the opposite)."", ""2"": ""Conversation shows weak or partial evidence leaning toward low 'Logical Sequence Identification'."", ""3"": ""Evidence is mixed, neutral, or too thin to lean either direction on 'Logical Sequence Identification'."", ""4"": ""Conversation shows weak-to-moderate evidence leaning toward high 'Logical Sequence Identification'."", ""5"": ""Conversation shows clear, explicit, repeated evidence of high 'Logical Sequence Identification'.""}"
F0073,Sustainable-transport usage,Sustainable-transport usage,,,False,,personality_trait_or_disposition,True,low,False,,False,,1-5 ordinal,"{""1"": ""Conversation shows clear, explicit evidence of low/absent 'Sustainable-transport usage' (or strong evidence of the opposite)."", ""2"": ""Conversation shows weak or partial evidence leaning toward low 'Sustainable-transport usage'."", ""3"": ""Evidence is mixed, neutral, or too thin to lean either direction on 'Sustainable-transport usage'."", ""4"": ""Conversation shows weak-to-moderate evidence leaning toward high 'Sustainable-transport usage'."", ""5"": ""Conversation shows clear, explicit, repeated evidence of high 'Sustainable-transport usage'.""}"
F0074,Hardworking,Hardworking,,,False,,personality_trait_or_disposition,True,low,False,,False,,1-5 ordinal,"{""1"": ""Conversation shows clear, explicit evidence of low/absent 'Hardworking' (or strong evidence of the opposite)."", ""2"": ""Conversation shows weak or partial evidence leaning toward low 'Hardworking'."", ""3"": ""Evidence is mixed, neutral, or too thin to lean either direction on 'Hardworking'."", ""4"": ""Conversation shows weak-to-moderate evidence leaning toward high 'Hardworking'."", ""5"": ""Conversation shows clear, explicit, repeated evidence of high 'Hardworking'.""}"
F0075,Emotional-intelligence measure: Impulsiveness,Emotional-intelligence measure: Impulsiveness,,,False,,personality_trait_or_disposition,True,low,False,,False,,1-5 ordinal,"{""1"": ""Conversation shows clear, explicit evidence of low/absent 'Emotional-intelligence measure: Impulsiveness' (or strong evidence of the opposite)."", ""2"": ""Conversation shows weak or partial evidence leaning toward low 'Emotional-intelligence measure: Impulsiveness'."", ""3"": ""Evidence is mixed, neutral, or too thin to lean either direction on 'Emotional-intelligence measure: Impulsiveness'."", ""4"": ""Conversation shows weak-to-moderate evidence leaning toward high 'Emotional-intelligence measure: Impulsiveness'."", ""5"": ""Conversation shows clear, explicit, repeated evidence of high 'Emotional-intelligence measure: Impulsiveness'.""}"
F0076,Dishonesty,Dishonesty,,,False,,personality_trait_or_disposition,True,low,False,,False,,1-5 ordinal,"{""1"": ""Conversation shows clear, explicit evidence of low/absent 'Dishonesty' (or strong evidence of the opposite)."", ""2"": ""Conversation shows weak or partial evidence leaning toward low 'Dishonesty'."", ""3"": ""Evidence is mixed, neutral, or too thin to lean either direction on 'Dishonesty'."", ""4"": ""Conversation shows weak-to-moderate evidence leaning toward high 'Dishonesty'."", ""5"": ""Conversation shows clear, explicit, repeated evidence of high 'Dishonesty'.""}"
F0077,Preferred epistemology,Preferred epistemology,,,False,,personality_trait_or_disposition,True,low,False,,False,,1-5 ordinal,"{""1"": ""Conversation shows clear, explicit evidence of low/absent 'Preferred epistemology' (or strong evidence of the opposite)."", ""2"": ""Conversation shows weak or partial evidence leaning toward low 'Preferred epistemology'."", ""3"": ""Evidence is mixed, neutral, or too thin to lean either direction on 'Preferred epistemology'."", ""4"": ""Conversation shows weak-to-moderate evidence leaning toward high 'Preferred epistemology'."", ""5"": ""Conversation shows clear, explicit, repeated evidence of high 'Preferred epistemology'.""}"
F0078,Memory for Sounds,Memory for Sounds,,,False,,cognitive_psychometric,False,medium,False,requires_formal_psychometric_testing,False,,1-5 ordinal,"{""1"": ""Conversation shows clear, explicit evidence of low/absent 'Memory for Sounds' (or strong evidence of the opposite)."", ""2"": ""Conversation shows weak or partial evidence leaning toward low 'Memory for Sounds'."", ""3"": ""Evidence is mixed, neutral, or too thin to lean either direction on 'Memory for Sounds'."", ""4"": ""Conversation shows weak-to-moderate evidence leaning toward high 'Memory for Sounds'."", ""5"": ""Conversation shows clear, explicit, repeated evidence of high 'Memory for Sounds'.""}"
F0079,Sportsmanship rating,Sportsmanship rating,,,False,,personality_trait_or_disposition,True,low,False,,False,,1-5 ordinal,"{""1"": ""Conversation shows clear, explicit evidence of low/absent 'Sportsmanship rating' (or strong evidence of the opposite)."", ""2"": ""Conversation shows weak or partial evidence leaning toward low 'Sportsmanship rating'."", ""3"": ""Evidence is mixed, neutral, or too thin to lean either direction on 'Sportsmanship rating'."", ""4"": ""Conversation shows weak-to-moderate evidence leaning toward high 'Sportsmanship rating'."", ""5"": ""Conversation shows clear, explicit, repeated evidence of high 'Sportsmanship rating'.""}"
F0080,Immaturity,Immaturity,,,False,,personality_trait_or_disposition,True,low,False,,False,,1-5 ordinal,"{""1"": ""Conversation shows clear, explicit evidence of low/absent 'Immaturity' (or strong evidence of the opposite)."", ""2"": ""Conversation shows weak or partial evidence leaning toward low 'Immaturity'."", ""3"": ""Evidence is mixed, neutral, or too thin to lean either direction on 'Immaturity'."", ""4"": ""Conversation shows weak-to-moderate evidence leaning toward high 'Immaturity'."", ""5"": ""Conversation shows clear, explicit, repeated evidence of high 'Immaturity'.""}"
F0081,Health-literacy level,Health-literacy level,,,False,,personality_trait_or_disposition,True,low,False,,False,,1-5 ordinal,"{""1"": ""Conversation shows clear, explicit evidence of low/absent 'Health-literacy level' (or strong evidence of the opposite)."", ""2"": ""Conversation shows weak or partial evidence leaning toward low 'Health-literacy level'."", ""3"": ""Evidence is mixed, neutral, or too thin to lean either direction on 'Health-literacy level'."", ""4"": ""Conversation shows weak-to-moderate evidence leaning toward high 'Health-literacy level'."", ""5"": ""Conversation shows clear, explicit, repeated evidence of high 'Health-literacy level'.""}"
F0082,Estimating Calculations,Estimating Calculations,,,False,,cognitive_psychometric,False,medium,False,requires_formal_psychometric_testing,False,,1-5 ordinal,"{""1"": ""Conversation shows clear, explicit evidence of low/absent 'Estimating Calculations' (or strong evidence of the opposite)."", ""2"": ""Conversation shows weak or partial evidence leaning toward low 'Estimating Calculations'."", ""3"": ""Evidence is mixed, neutral, or too thin to lean either direction on 'Estimating Calculations'."", ""4"": ""Conversation shows weak-to-moderate evidence leaning toward high 'Estimating Calculations'."", ""5"": ""Conversation shows clear, explicit, repeated evidence of high 'Estimating Calculations'.""}"
F0083,Depression: Feelings of sadness and hopelessness,Depression: Feelings of sadness and hopelessness,,,False,,clinical_psychological_scale,False,high,False,requires_validated_clinical_instrument_or_diagnosis,False,,1-5 ordinal,"{""1"": ""Conversation shows clear, explicit evidence of low/absent 'Depression: Feelings of sadness and hopelessness' (or strong evidence of the opposite)."", ""2"": ""Conversation shows weak or partial evidence leaning toward low 'Depression: Feelings of sadness and hopelessness'."", ""3"": ""Evidence is mixed, neutral, or too thin to lean either direction on 'Depression: Feelings of sadness and hopelessness'."", ""4"": ""Conversation shows weak-to-moderate evidence leaning toward high 'Depression: Feelings of sadness and hopelessness'."", ""5"": ""Conversation shows clear, explicit, repeated evidence of high 'Depression: Feelings of sadness and hopelessness'.""}"
F0084,Synthesis of information,Synthesis of information,,,False,,personality_trait_or_disposition,True,low,False,,False,,1-5 ordinal,"{""1"": ""Conversation shows clear, explicit evidence of low/absent 'Synthesis of information' (or strong evidence of the opposite)."", ""2"": ""Conversation shows weak or partial evidence leaning toward low 'Synthesis of information'."", ""3"": ""Evidence is mixed, neutral, or too thin to lean either direction on 'Synthesis of information'."", ""4"": ""Conversation shows weak-to-moderate evidence leaning toward high 'Synthesis of information'."", ""5"": ""Conversation shows clear, explicit, repeated evidence of high 'Synthesis of information'.""}"
F0085,Leadership Potential:,Leadership Potential,,stripped_trailing_colon,True,header_like_trailing_colon,header_artifact,False,n/a,False,not_a_scorable_facet_category_header,False,,,
F0086,Ethical standards,Ethical standards,,,False,,personality_trait_or_disposition,True,low,False,,False,,1-5 ordinal,"{""1"": ""Conversation shows clear, explicit evidence of low/absent 'Ethical standards' (or strong evidence of the opposite)."", ""2"": ""Conversation shows weak or partial evidence leaning toward low 'Ethical standards'."", ""3"": ""Evidence is mixed, neutral, or too thin to lean either direction on 'Ethical standards'."", ""4"": ""Conversation shows weak-to-moderate evidence leaning toward high 'Ethical standards'."", ""5"": ""Conversation shows clear, explicit, repeated evidence of high 'Ethical standards'.""}"
F0087,High-spiritedness,High-spiritedness,,,False,,personality_trait_or_disposition,True,low,False,,False,,1-5 ordinal,"{""1"": ""Conversation shows clear, explicit evidence of low/absent 'High-spiritedness' (or strong evidence of the opposite)."", ""2"": ""Conversation shows weak or partial evidence leaning toward low 'High-spiritedness'."", ""3"": ""Evidence is mixed, neutral, or too thin to lean either direction on 'High-spiritedness'."", ""4"": ""Conversation shows weak-to-moderate evidence leaning toward high 'High-spiritedness'."", ""5"": ""Conversation shows clear, explicit, repeated evidence of high 'High-spiritedness'.""}"
F0088,Critical reasoning,Critical reasoning,,,False,,cognitive_psychometric,False,medium,False,requires_formal_psychometric_testing,False,,1-5 ordinal,"{""1"": ""Conversation shows clear, explicit evidence of low/absent 'Critical reasoning' (or strong evidence of the opposite)."", ""2"": ""Conversation shows weak or partial evidence leaning toward low 'Critical reasoning'."", ""3"": ""Evidence is mixed, neutral, or too thin to lean either direction on 'Critical reasoning'."", ""4"": ""Conversation shows weak-to-moderate evidence leaning toward high 'Critical reasoning'."", ""5"": ""Conversation shows clear, explicit, repeated evidence of high 'Critical reasoning'.""}"
F0089,Sleep-disorder diagnosis,Sleep-disorder diagnosis,,,False,,clinical_psychological_scale,False,high,False,requires_validated_clinical_instrument_or_diagnosis,False,,1-5 ordinal,"{""1"": ""Conversation shows clear, explicit evidence of low/absent 'Sleep-disorder diagnosis' (or strong evidence of the opposite)."", ""2"": ""Conversation shows weak or partial evidence leaning toward low 'Sleep-disorder diagnosis'."", ""3"": ""Evidence is mixed, neutral, or too thin to lean either direction on 'Sleep-disorder diagnosis'."", ""4"": ""Conversation shows weak-to-moderate evidence leaning toward high 'Sleep-disorder diagnosis'."", ""5"": ""Conversation shows clear, explicit, repeated evidence of high 'Sleep-disorder diagnosis'.""}"
F0090,Listening Skills Subcomponents:,Listening Skills Subcomponents,,stripped_trailing_colon,True,header_like_trailing_colon,header_artifact,False,n/a,False,not_a_scorable_facet_category_header,False,,,
F0091,Collaboration,Collaboration,,,False,,personality_trait_or_disposition,True,low,False,,False,,1-5 ordinal,"{""1"": ""Conversation shows clear, explicit evidence of low/absent 'Collaboration' (or strong evidence of the opposite)."", ""2"": ""Conversation shows weak or partial evidence leaning toward low 'Collaboration'."", ""3"": ""Evidence is mixed, neutral, or too thin to lean either direction on 'Collaboration'."", ""4"": ""Conversation shows weak-to-moderate evidence leaning toward high 'Collaboration'."", ""5"": ""Conversation shows clear, explicit, repeated evidence of high 'Collaboration'.""}"
F0092,Precision of Movements,Precision of Movements,,,False,,personality_trait_or_disposition,True,low,False,,False,,1-5 ordinal,"{""1"": ""Conversation shows clear, explicit evidence of low/absent 'Precision of Movements' (or strong evidence of the opposite)."", ""2"": ""Conversation shows weak or partial evidence leaning toward low 'Precision of Movements'."", ""3"": ""Evidence is mixed, neutral, or too thin to lean either direction on 'Precision of Movements'."", ""4"": ""Conversation shows weak-to-moderate evidence leaning toward high 'Precision of Movements'."", ""5"": ""Conversation shows clear, explicit, repeated evidence of high 'Precision of Movements'.""}"
F0093,Social Boldness,Social Boldness,,,False,,personality_trait_or_disposition,True,low,False,,False,,1-5 ordinal,"{""1"": ""Conversation shows clear, explicit evidence of low/absent 'Social Boldness' (or strong evidence of the opposite)."", ""2"": ""Conversation shows weak or partial evidence leaning toward low 'Social Boldness'."", ""3"": ""Evidence is mixed, neutral, or too thin to lean either direction on 'Social Boldness'."", ""4"": ""Conversation shows weak-to-moderate evidence leaning toward high 'Social Boldness'."", ""5"": ""Conversation shows clear, explicit, repeated evidence of high 'Social Boldness'.""}"
F0094,Auditory memory,Auditory memory,,,False,,cognitive_psychometric,False,medium,False,requires_formal_psychometric_testing,False,,1-5 ordinal,"{""1"": ""Conversation shows clear, explicit evidence of low/absent 'Auditory memory' (or strong evidence of the opposite)."", ""2"": ""Conversation shows weak or partial evidence leaning toward low 'Auditory memory'."", ""3"": ""Evidence is mixed, neutral, or too thin to lean either direction on 'Auditory memory'."", ""4"": ""Conversation shows weak-to-moderate evidence leaning toward high 'Auditory memory'."", ""5"": ""Conversation shows clear, explicit, repeated evidence of high 'Auditory memory'.""}"
F0095,Psychomotor Ability Subcomponents:,Psychomotor Ability Subcomponents,,stripped_trailing_colon,True,header_like_trailing_colon,header_artifact,False,n/a,False,not_a_scorable_facet_category_header,False,,,
F0096,Organized lifestyle,Organized lifestyle,,,False,,personality_trait_or_disposition,True,low,False,,False,,1-5 ordinal,"{""1"": ""Conversation shows clear, explicit evidence of low/absent 'Organized lifestyle' (or strong evidence of the opposite)."", ""2"": ""Conversation shows weak or partial evidence leaning toward low 'Organized lifestyle'."", ""3"": ""Evidence is mixed, neutral, or too thin to lean either direction on 'Organized lifestyle'."", ""4"": ""Conversation shows weak-to-moderate evidence leaning toward high 'Organized lifestyle'."", ""5"": ""Conversation shows clear, explicit, repeated evidence of high 'Organized lifestyle'.""}"
F0097,Skill-endorsements count,Skill-endorsements count,,,False,,behavioral_frequency_count,True,low,True,,False,,1-5 ordinal,"{""1"": ""Conversation shows clear, explicit evidence of low/absent 'Skill-endorsements count' (or strong evidence of the opposite)."", ""2"": ""Conversation shows weak or partial evidence leaning toward low 'Skill-endorsements count'."", ""3"": ""Evidence is mixed, neutral, or too thin to lean either direction on 'Skill-endorsements count'."", ""4"": ""Conversation shows weak-to-moderate evidence leaning toward high 'Skill-endorsements count'."", ""5"": ""Conversation shows clear, explicit, repeated evidence of high 'Skill-endorsements count'.""}"
F0098,Mysteriousness,Mysteriousness,,,False,,personality_trait_or_disposition,True,low,False,,False,,1-5 ordinal,"{""1"": ""Conversation shows clear, explicit evidence of low/absent 'Mysteriousness' (or strong evidence of the opposite)."", ""2"": ""Conversation shows weak or partial evidence leaning toward low 'Mysteriousness'."", ""3"": ""Evidence is mixed, neutral, or too thin to lean either direction on 'Mysteriousness'."", ""4"": ""Conversation shows weak-to-moderate evidence leaning toward high 'Mysteriousness'."", ""5"": ""Conversation shows clear, explicit, repeated evidence of high 'Mysteriousness'.""}"
F0099,Cultural Identity,Cultural Identity,,,False,,personality_trait_or_disposition,True,low,False,,False,,1-5 ordinal,"{""1"": ""Conversation shows clear, explicit evidence of low/absent 'Cultural Identity' (or strong evidence of the opposite)."", ""2"": ""Conversation shows weak or partial evidence leaning toward low 'Cultural Identity'."", ""3"": ""Evidence is mixed, neutral, or too thin to lean either direction on 'Cultural Identity'."", ""4"": ""Conversation shows weak-to-moderate evidence leaning toward high 'Cultural Identity'."", ""5"": ""Conversation shows clear, explicit, repeated evidence of high 'Cultural Identity'.""}"
F0100,Intrinsic Motivation,Intrinsic Motivation,,,False,,personality_trait_or_disposition,True,low,False,,False,,1-5 ordinal,"{""1"": ""Conversation shows clear, explicit evidence of low/absent 'Intrinsic Motivation' (or strong evidence of the opposite)."", ""2"": ""Conversation shows weak or partial evidence leaning toward low 'Intrinsic Motivation'."", ""3"": ""Evidence is mixed, neutral, or too thin to lean either direction on 'Intrinsic Motivation'."", ""4"": ""Conversation shows weak-to-moderate evidence leaning toward high 'Intrinsic Motivation'."", ""5"": ""Conversation shows clear, explicit, repeated evidence of high 'Intrinsic Motivation'.""}"
F0101,Impartial-mindedness,Impartial-mindedness,,,False,,personality_trait_or_disposition,True,low,False,,False,,1-5 ordinal,"{""1"": ""Conversation shows clear, explicit evidence of low/absent 'Impartial-mindedness' (or strong evidence of the opposite)."", ""2"": ""Conversation shows weak or partial evidence leaning toward low 'Impartial-mindedness'."", ""3"": ""Evidence is mixed, neutral, or too thin to lean either direction on 'Impartial-mindedness'."", ""4"": ""Conversation shows weak-to-moderate evidence leaning toward high 'Impartial-mindedness'."", ""5"": ""Conversation shows clear, explicit, repeated evidence of high 'Impartial-mindedness'.""}"
F0102,Burnout Symptoms,Burnout Symptoms,,,False,,clinical_psychological_scale,False,high,False,requires_validated_clinical_instrument_or_diagnosis,False,,1-5 ordinal,"{""1"": ""Conversation shows clear, explicit evidence of low/absent 'Burnout Symptoms' (or strong evidence of the opposite)."", ""2"": ""Conversation shows weak or partial evidence leaning toward low 'Burnout Symptoms'."", ""3"": ""Evidence is mixed, neutral, or too thin to lean either direction on 'Burnout Symptoms'."", ""4"": ""Conversation shows weak-to-moderate evidence leaning toward high 'Burnout Symptoms'."", ""5"": ""Conversation shows clear, explicit, repeated evidence of high 'Burnout Symptoms'.""}"
F0103,Holiness,Holiness,,,False,,personality_trait_or_disposition,True,low,False,,False,,1-5 ordinal,"{""1"": ""Conversation shows clear, explicit evidence of low/absent 'Holiness' (or strong evidence of the opposite)."", ""2"": ""Conversation shows weak or partial evidence leaning toward low 'Holiness'."", ""3"": ""Evidence is mixed, neutral, or too thin to lean either direction on 'Holiness'."", ""4"": ""Conversation shows weak-to-moderate evidence leaning toward high 'Holiness'."", ""5"": ""Conversation shows clear, explicit, repeated evidence of high 'Holiness'.""}"
F0104,Selfcontrol,Selfcontrol,,,False,,personality_trait_or_disposition,True,low,False,,False,,1-5 ordinal,"{""1"": ""Conversation shows clear, explicit evidence of low/absent 'Selfcontrol' (or strong evidence of the opposite)."", ""2"": ""Conversation shows weak or partial evidence leaning toward low 'Selfcontrol'."", ""3"": ""Evidence is mixed, neutral, or too thin to lean either direction on 'Selfcontrol'."", ""4"": ""Conversation shows weak-to-moderate evidence leaning toward high 'Selfcontrol'."", ""5"": ""Conversation shows clear, explicit, repeated evidence of high 'Selfcontrol'.""}"
F0105,SelfDirectedness,Self Directedness,,split_camel_case,False,,personality_trait_or_disposition,True,low,False,,False,,1-5 ordinal,"{""1"": ""Conversation shows clear, explicit evidence of low/absent 'Self Directedness' (or strong evidence of the opposite)."", ""2"": ""Conversation shows weak or partial evidence leaning toward low 'Self Directedness'."", ""3"": ""Evidence is mixed, neutral, or too thin to lean either direction on 'Self Directedness'."", ""4"": ""Conversation shows weak-to-moderate evidence leaning toward high 'Self Directedness'."", ""5"": ""Conversation shows clear, explicit, repeated evidence of high 'Self Directedness'.""}"
F0106,Encouraging participation,Encouraging participation,,,False,,personality_trait_or_disposition,True,low,False,,False,,1-5 ordinal,"{""1"": ""Conversation shows clear, explicit evidence of low/absent 'Encouraging participation' (or strong evidence of the opposite)."", ""2"": ""Conversation shows weak or partial evidence leaning toward low 'Encouraging participation'."", ""3"": ""Evidence is mixed, neutral, or too thin to lean either direction on 'Encouraging participation'."", ""4"": ""Conversation shows weak-to-moderate evidence leaning toward high 'Encouraging participation'."", ""5"": ""Conversation shows clear, explicit, repeated evidence of high 'Encouraging participation'.""}"
F0107,Impracticalness,Impracticalness,,,False,,personality_trait_or_disposition,True,low,False,,False,,1-5 ordinal,"{""1"": ""Conversation shows clear, explicit evidence of low/absent 'Impracticalness' (or strong evidence of the opposite)."", ""2"": ""Conversation shows weak or partial evidence leaning toward low 'Impracticalness'."", ""3"": ""Evidence is mixed, neutral, or too thin to lean either direction on 'Impracticalness'."", ""4"": ""Conversation shows weak-to-moderate evidence leaning toward high 'Impracticalness'."", ""5"": ""Conversation shows clear, explicit, repeated evidence of high 'Impracticalness'.""}"
F0108,Meeting Deadlines,Meeting Deadlines,,,False,,personality_trait_or_disposition,True,low,False,,False,,1-5 ordinal,"{""1"": ""Conversation shows clear, explicit evidence of low/absent 'Meeting Deadlines' (or strong evidence of the opposite)."", ""2"": ""Conversation shows weak or partial evidence leaning toward low 'Meeting Deadlines'."", ""3"": ""Evidence is mixed, neutral, or too thin to lean either direction on 'Meeting Deadlines'."", ""4"": ""Conversation shows weak-to-moderate evidence leaning toward high 'Meeting Deadlines'."", ""5"": ""Conversation shows clear, explicit, repeated evidence of high 'Meeting Deadlines'.""}"
F0109,Data Analysis,Data Analysis,,,False,,personality_trait_or_disposition,True,low,False,,False,,1-5 ordinal,"{""1"": ""Conversation shows clear, explicit evidence of low/absent 'Data Analysis' (or strong evidence of the opposite)."", ""2"": ""Conversation shows weak or partial evidence leaning toward low 'Data Analysis'."", ""3"": ""Evidence is mixed, neutral, or too thin to lean either direction on 'Data Analysis'."", ""4"": ""Conversation shows weak-to-moderate evidence leaning toward high 'Data Analysis'."", ""5"": ""Conversation shows clear, explicit, repeated evidence of high 'Data Analysis'.""}"
F0110,Social Interaction Skills,Social Interaction Skills,,,False,,personality_trait_or_disposition,True,low,False,,False,,1-5 ordinal,"{""1"": ""Conversation shows clear, explicit evidence of low/absent 'Social Interaction Skills' (or strong evidence of the opposite)."", ""2"": ""Conversation shows weak or partial evidence leaning toward low 'Social Interaction Skills'."", ""3"": ""Evidence is mixed, neutral, or too thin to lean either direction on 'Social Interaction Skills'."", ""4"": ""Conversation shows weak-to-moderate evidence leaning toward high 'Social Interaction Skills'."", ""5"": ""Conversation shows clear, explicit, repeated evidence of high 'Social Interaction Skills'.""}"
F0111,Psychoticism,Psychoticism,,,False,,personality_trait_or_disposition,True,low,False,,False,,1-5 ordinal,"{""1"": ""Conversation shows clear, explicit evidence of low/absent 'Psychoticism' (or strong evidence of the opposite)."", ""2"": ""Conversation shows weak or partial evidence leaning toward low 'Psychoticism'."", ""3"": ""Evidence is mixed, neutral, or too thin to lean either direction on 'Psychoticism'."", ""4"": ""Conversation shows weak-to-moderate evidence leaning toward high 'Psychoticism'."", ""5"": ""Conversation shows clear, explicit, repeated evidence of high 'Psychoticism'.""}"
F0112,Ethical leadership rating,Ethical leadership rating,,,False,,personality_trait_or_disposition,True,low,False,,False,,1-5 ordinal,"{""1"": ""Conversation shows clear, explicit evidence of low/absent 'Ethical leadership rating' (or strong evidence of the opposite)."", ""2"": ""Conversation shows weak or partial evidence leaning toward low 'Ethical leadership rating'."", ""3"": ""Evidence is mixed, neutral, or too thin to lean either direction on 'Ethical leadership rating'."", ""4"": ""Conversation shows weak-to-moderate evidence leaning toward high 'Ethical leadership rating'."", ""5"": ""Conversation shows clear, explicit, repeated evidence of high 'Ethical leadership rating'.""}"
F0113,Slothfulness,Slothfulness,,,False,,personality_trait_or_disposition,True,low,False,,False,,1-5 ordinal,"{""1"": ""Conversation shows clear, explicit evidence of low/absent 'Slothfulness' (or strong evidence of the opposite)."", ""2"": ""Conversation shows weak or partial evidence leaning toward low 'Slothfulness'."", ""3"": ""Evidence is mixed, neutral, or too thin to lean either direction on 'Slothfulness'."", ""4"": ""Conversation shows weak-to-moderate evidence leaning toward high 'Slothfulness'."", ""5"": ""Conversation shows clear, explicit, repeated evidence of high 'Slothfulness'.""}"
F0114,Happiness,Happiness,,,False,,personality_trait_or_disposition,True,low,False,,False,,1-5 ordinal,"{""1"": ""Conversation shows clear, explicit evidence of low/absent 'Happiness' (or strong evidence of the opposite)."", ""2"": ""Conversation shows weak or partial evidence leaning toward low 'Happiness'."", ""3"": ""Evidence is mixed, neutral, or too thin to lean either direction on 'Happiness'."", ""4"": ""Conversation shows weak-to-moderate evidence leaning toward high 'Happiness'."", ""5"": ""Conversation shows clear, explicit, repeated evidence of high 'Happiness'.""}"
F0115,Contentment Levels,Contentment Levels,,,False,,personality_trait_or_disposition,True,low,False,,False,,1-5 ordinal,"{""1"": ""Conversation shows clear, explicit evidence of low/absent 'Contentment Levels' (or strong evidence of the opposite)."", ""2"": ""Conversation shows weak or partial evidence leaning toward low 'Contentment Levels'."", ""3"": ""Evidence is mixed, neutral, or too thin to lean either direction on 'Contentment Levels'."", ""4"": ""Conversation shows weak-to-moderate evidence leaning toward high 'Contentment Levels'."", ""5"": ""Conversation shows clear, explicit, repeated evidence of high 'Contentment Levels'.""}"
F0116,Neuroticism,Neuroticism,,,False,,personality_trait_or_disposition,True,low,False,,False,,1-5 ordinal,"{""1"": ""Conversation shows clear, explicit evidence of low/absent 'Neuroticism' (or strong evidence of the opposite)."", ""2"": ""Conversation shows weak or partial evidence leaning toward low 'Neuroticism'."", ""3"": ""Evidence is mixed, neutral, or too thin to lean either direction on 'Neuroticism'."", ""4"": ""Conversation shows weak-to-moderate evidence leaning toward high 'Neuroticism'."", ""5"": ""Conversation shows clear, explicit, repeated evidence of high 'Neuroticism'.""}"
F0117,Desire for excellence,Desire for excellence,,,False,,personality_trait_or_disposition,True,low,False,,False,,1-5 ordinal,"{""1"": ""Conversation shows clear, explicit evidence of low/absent 'Desire for excellence' (or strong evidence of the opposite)."", ""2"": ""Conversation shows weak or partial evidence leaning toward low 'Desire for excellence'."", ""3"": ""Evidence is mixed, neutral, or too thin to lean either direction on 'Desire for excellence'."", ""4"": ""Conversation shows weak-to-moderate evidence leaning toward high 'Desire for excellence'."", ""5"": ""Conversation shows clear, explicit, repeated evidence of high 'Desire for excellence'.""}"
F0118,Perceiving,Perceiving,,,False,,personality_trait_or_disposition,True,low,False,,False,,1-5 ordinal,"{""1"": ""Conversation shows clear, explicit evidence of low/absent 'Perceiving' (or strong evidence of the opposite)."", ""2"": ""Conversation shows weak or partial evidence leaning toward low 'Perceiving'."", ""3"": ""Evidence is mixed, neutral, or too thin to lean either direction on 'Perceiving'."", ""4"": ""Conversation shows weak-to-moderate evidence leaning toward high 'Perceiving'."", ""5"": ""Conversation shows clear, explicit, repeated evidence of high 'Perceiving'.""}"
F0119,Liberalism,Liberalism,,,False,,personality_trait_or_disposition,True,low,False,,False,,1-5 ordinal,"{""1"": ""Conversation shows clear, explicit evidence of low/absent 'Liberalism' (or strong evidence of the opposite)."", ""2"": ""Conversation shows weak or partial evidence leaning toward low 'Liberalism'."", ""3"": ""Evidence is mixed, neutral, or too thin to lean either direction on 'Liberalism'."", ""4"": ""Conversation shows weak-to-moderate evidence leaning toward high 'Liberalism'."", ""5"": ""Conversation shows clear, explicit, repeated evidence of high 'Liberalism'.""}"
F0120,Inversion comfort level,Inversion comfort level,,,False,,personality_trait_or_disposition,True,low,False,,False,,1-5 ordinal,"{""1"": ""Conversation shows clear, explicit evidence of low/absent 'Inversion comfort level' (or strong evidence of the opposite)."", ""2"": ""Conversation shows weak or partial evidence leaning toward low 'Inversion comfort level'."", ""3"": ""Evidence is mixed, neutral, or too thin to lean either direction on 'Inversion comfort level'."", ""4"": ""Conversation shows weak-to-moderate evidence leaning toward high 'Inversion comfort level'."", ""5"": ""Conversation shows clear, explicit, repeated evidence of high 'Inversion comfort level'.""}"
F0121,Affection,Affection,,,False,,personality_trait_or_disposition,True,low,False,,False,,1-5 ordinal,"{""1"": ""Conversation shows clear, explicit evidence of low/absent 'Affection' (or strong evidence of the opposite)."", ""2"": ""Conversation shows weak or partial evidence leaning toward low 'Affection'."", ""3"": ""Evidence is mixed, neutral, or too thin to lean either direction on 'Affection'."", ""4"": ""Conversation shows weak-to-moderate evidence leaning toward high 'Affection'."", ""5"": ""Conversation shows clear, explicit, repeated evidence of high 'Affection'.""}"
F0122,Numeric Filing Skills,Numeric Filing Skills,,,False,,cognitive_psychometric,False,medium,False,requires_formal_psychometric_testing,False,,1-5 ordinal,"{""1"": ""Conversation shows clear, explicit evidence of low/absent 'Numeric Filing Skills' (or strong evidence of the opposite)."", ""2"": ""Conversation shows weak or partial evidence leaning toward low 'Numeric Filing Skills'."", ""3"": ""Evidence is mixed, neutral, or too thin to lean either direction on 'Numeric Filing Skills'."", ""4"": ""Conversation shows weak-to-moderate evidence leaning toward high 'Numeric Filing Skills'."", ""5"": ""Conversation shows clear, explicit, repeated evidence of high 'Numeric Filing Skills'.""}"
F0123,Martyrdom,Martyrdom,,,False,,personality_trait_or_disposition,True,low,False,,False,,1-5 ordinal,"{""1"": ""Conversation shows clear, explicit evidence of low/absent 'Martyrdom' (or strong evidence of the opposite)."", ""2"": ""Conversation shows weak or partial evidence leaning toward low 'Martyrdom'."", ""3"": ""Evidence is mixed, neutral, or too thin to lean either direction on 'Martyrdom'."", ""4"": ""Conversation shows weak-to-moderate evidence leaning toward high 'Martyrdom'."", ""5"": ""Conversation shows clear, explicit, repeated evidence of high 'Martyrdom'.""}"
F0124,Parathyroid-hormone level,Parathyroid-hormone level,,,False,,medical_biological,False,high,False,requires_medical_lab_or_genetic_evidence,False,,1-5 ordinal,"{""1"": ""Conversation shows clear, explicit evidence of low/absent 'Parathyroid-hormone level' (or strong evidence of the opposite)."", ""2"": ""Conversation shows weak or partial evidence leaning toward low 'Parathyroid-hormone level'."", ""3"": ""Evidence is mixed, neutral, or too thin to lean either direction on 'Parathyroid-hormone level'."", ""4"": ""Conversation shows weak-to-moderate evidence leaning toward high 'Parathyroid-hormone level'."", ""5"": ""Conversation shows clear, explicit, repeated evidence of high 'Parathyroid-hormone level'.""}"
F0125,Seeking approval,Seeking approval,,,False,,personality_trait_or_disposition,True,low,False,,False,,1-5 ordinal,"{""1"": ""Conversation shows clear, explicit evidence of low/absent 'Seeking approval' (or strong evidence of the opposite)."", ""2"": ""Conversation shows weak or partial evidence leaning toward low 'Seeking approval'."", ""3"": ""Evidence is mixed, neutral, or too thin to lean either direction on 'Seeking approval'."", ""4"": ""Conversation shows weak-to-moderate evidence leaning toward high 'Seeking approval'."", ""5"": ""Conversation shows clear, explicit, repeated evidence of high 'Seeking approval'.""}"
F0126,Judging (J):,Judging (J),,stripped_trailing_colon,True,header_like_trailing_colon,header_artifact,False,n/a,False,not_a_scorable_facet_category_header,False,,,
F0127,Big Five facet Openness – Artistic Interests,Big Five facet Openness – Artistic Interests,,,False,,personality_trait_or_disposition,True,low,False,,False,,1-5 ordinal,"{""1"": ""Conversation shows clear, explicit evidence of low/absent 'Big Five facet Openness – Artistic Interests' (or strong evidence of the opposite)."", ""2"": ""Conversation shows weak or partial evidence leaning toward low 'Big Five facet Openness – Artistic Interests'."", ""3"": ""Evidence is mixed, neutral, or too thin to lean either direction on 'Big Five facet Openness – Artistic Interests'."", ""4"": ""Conversation shows weak-to-moderate evidence leaning toward high 'Big Five facet Openness – Artistic Interests'."", ""5"": ""Conversation shows clear, explicit, repeated evidence of high 'Big Five facet Openness – Artistic Interests'.""}"
F0128,Psychological construct: Operant-Learning rate,Psychological construct: Operant-Learning rate,,,False,,personality_trait_or_disposition,True,low,False,,False,,1-5 ordinal,"{""1"": ""Conversation shows clear, explicit evidence of low/absent 'Psychological construct: Operant-Learning rate' (or strong evidence of the opposite)."", ""2"": ""Conversation shows weak or partial evidence leaning toward low 'Psychological construct: Operant-Learning rate'."", ""3"": ""Evidence is mixed, neutral, or too thin to lean either direction on 'Psychological construct: Operant-Learning rate'."", ""4"": ""Conversation shows weak-to-moderate evidence leaning toward high 'Psychological construct: Operant-Learning rate'."", ""5"": ""Conversation shows clear, explicit, repeated evidence of high 'Psychological construct: Operant-Learning rate'.""}"
F0129,Psychological construct: Need for Achievement level,Psychological construct: Need for Achievement level,,,False,,personality_trait_or_disposition,True,low,False,,False,,1-5 ordinal,"{""1"": ""Conversation shows clear, explicit evidence of low/absent 'Psychological construct: Need for Achievement level' (or strong evidence of the opposite)."", ""2"": ""Conversation shows weak or partial evidence leaning toward low 'Psychological construct: Need for Achievement level'."", ""3"": ""Evidence is mixed, neutral, or too thin to lean either direction on 'Psychological construct: Need for Achievement level'."", ""4"": ""Conversation shows weak-to-moderate evidence leaning toward high 'Psychological construct: Need for Achievement level'."", ""5"": ""Conversation shows clear, explicit, repeated evidence of high 'Psychological construct: Need for Achievement level'.""}"
F0130,Cantankerousness,Cantankerousness,,,False,,personality_trait_or_disposition,True,low,False,,False,,1-5 ordinal,"{""1"": ""Conversation shows clear, explicit evidence of low/absent 'Cantankerousness' (or strong evidence of the opposite)."", ""2"": ""Conversation shows weak or partial evidence leaning toward low 'Cantankerousness'."", ""3"": ""Evidence is mixed, neutral, or too thin to lean either direction on 'Cantankerousness'."", ""4"": ""Conversation shows weak-to-moderate evidence leaning toward high 'Cantankerousness'."", ""5"": ""Conversation shows clear, explicit, repeated evidence of high 'Cantankerousness'.""}"
F0131,Material properties knowledge,Material properties knowledge,,,False,,personality_trait_or_disposition,True,low,False,,False,,1-5 ordinal,"{""1"": ""Conversation shows clear, explicit evidence of low/absent 'Material properties knowledge' (or strong evidence of the opposite)."", ""2"": ""Conversation shows weak or partial evidence leaning toward low 'Material properties knowledge'."", ""3"": ""Evidence is mixed, neutral, or too thin to lean either direction on 'Material properties knowledge'."", ""4"": ""Conversation shows weak-to-moderate evidence leaning toward high 'Material properties knowledge'."", ""5"": ""Conversation shows clear, explicit, repeated evidence of high 'Material properties knowledge'.""}"
F0132,Hostility,Hostility,,,False,,personality_trait_or_disposition,True,low,False,,False,,1-5 ordinal,"{""1"": ""Conversation shows clear, explicit evidence of low/absent 'Hostility' (or strong evidence of the opposite)."", ""2"": ""Conversation shows weak or partial evidence leaning toward low 'Hostility'."", ""3"": ""Evidence is mixed, neutral, or too thin to lean either direction on 'Hostility'."", ""4"": ""Conversation shows weak-to-moderate evidence leaning toward high 'Hostility'."", ""5"": ""Conversation shows clear, explicit, repeated evidence of high 'Hostility'.""}"
F0133,Independence,Independence,,,False,,personality_trait_or_disposition,True,low,False,,False,,1-5 ordinal,"{""1"": ""Conversation shows clear, explicit evidence of low/absent 'Independence' (or strong evidence of the opposite)."", ""2"": ""Conversation shows weak or partial evidence leaning toward low 'Independence'."", ""3"": ""Evidence is mixed, neutral, or too thin to lean either direction on 'Independence'."", ""4"": ""Conversation shows weak-to-moderate evidence leaning toward high 'Independence'."", ""5"": ""Conversation shows clear, explicit, repeated evidence of high 'Independence'.""}"
F0134,800. Sufi practice: Sufi retreat attendance count,Sufi practice: Sufi retreat attendance count,800,stripped_leading_numeric_id,False,,spiritual_religious_practice,True,medium,True,,False,,1-5 ordinal,"{""1"": ""Conversation shows clear, explicit evidence of low/absent 'Sufi practice: Sufi retreat attendance count' (or strong evidence of the opposite)."", ""2"": ""Conversation shows weak or partial evidence leaning toward low 'Sufi practice: Sufi retreat attendance count'."", ""3"": ""Evidence is mixed, neutral, or too thin to lean either direction on 'Sufi practice: Sufi retreat attendance count'."", ""4"": ""Conversation shows weak-to-moderate evidence leaning toward high 'Sufi practice: Sufi retreat attendance count'."", ""5"": ""Conversation shows clear, explicit, repeated evidence of high 'Sufi practice: Sufi retreat attendance count'.""}"
F0135,Chromatin-accessibility score,Chromatin-accessibility score,,,False,,medical_biological,False,high,False,requires_medical_lab_or_genetic_evidence,False,,1-5 ordinal,"{""1"": ""Conversation shows clear, explicit evidence of low/absent 'Chromatin-accessibility score' (or strong evidence of the opposite)."", ""2"": ""Conversation shows weak or partial evidence leaning toward low 'Chromatin-accessibility score'."", ""3"": ""Evidence is mixed, neutral, or too thin to lean either direction on 'Chromatin-accessibility score'."", ""4"": ""Conversation shows weak-to-moderate evidence leaning toward high 'Chromatin-accessibility score'."", ""5"": ""Conversation shows clear, explicit, repeated evidence of high 'Chromatin-accessibility score'.""}"
F0136,644. Spiritual virtue: Humility practice index,Spiritual virtue: Humility practice index,644,stripped_leading_numeric_id,False,,spiritual_religious_practice,True,medium,True,,False,,1-5 ordinal,"{""1"": ""Conversation shows clear, explicit evidence of low/absent 'Spiritual virtue: Humility practice index' (or strong evidence of the opposite)."", ""2"": ""Conversation shows weak or partial evidence leaning toward low 'Spiritual virtue: Humility practice index'."", ""3"": ""Evidence is mixed, neutral, or too thin to lean either direction on 'Spiritual virtue: Humility practice index'."", ""4"": ""Conversation shows weak-to-moderate evidence leaning toward high 'Spiritual virtue: Humility practice index'."", ""5"": ""Conversation shows clear, explicit, repeated evidence of high 'Spiritual virtue: Humility practice index'.""}"
F0137,754. I Ching hexagram 36 resonance level,I Ching hexagram 36 resonance level,754,stripped_leading_numeric_id,False,,spiritual_religious_practice,True,medium,True,,False,,1-5 ordinal,"{""1"": ""Conversation shows clear, explicit evidence of low/absent 'I Ching hexagram 36 resonance level' (or strong evidence of the opposite)."", ""2"": ""Conversation shows weak or partial evidence leaning toward low 'I Ching hexagram 36 resonance level'."", ""3"": ""Evidence is mixed, neutral, or too thin to lean either direction on 'I Ching hexagram 36 resonance level'."", ""4"": ""Conversation shows weak-to-moderate evidence leaning toward high 'I Ching hexagram 36 resonance level'."", ""5"": ""Conversation shows clear, explicit, repeated evidence of high 'I Ching hexagram 36 resonance level'.""}"
F0138,Well-being component: Engagement,Well-being component: Engagement,,,False,,personality_trait_or_disposition,True,low,False,,False,,1-5 ordinal,"{""1"": ""Conversation shows clear, explicit evidence of low/absent 'Well-being component: Engagement' (or strong evidence of the opposite)."", ""2"": ""Conversation shows weak or partial evidence leaning toward low 'Well-being component: Engagement'."", ""3"": ""Evidence is mixed, neutral, or too thin to lean either direction on 'Well-being component: Engagement'."", ""4"": ""Conversation shows weak-to-moderate evidence leaning toward high 'Well-being component: Engagement'."", ""5"": ""Conversation shows clear, explicit, repeated evidence of high 'Well-being component: Engagement'.""}"
F0139,Need for social interaction,Need for social interaction,,,False,,personality_trait_or_disposition,True,low,False,,False,,1-5 ordinal,"{""1"": ""Conversation shows clear, explicit evidence of low/absent 'Need for social interaction' (or strong evidence of the opposite)."", ""2"": ""Conversation shows weak or partial evidence leaning toward low 'Need for social interaction'."", ""3"": ""Evidence is mixed, neutral, or too thin to lean either direction on 'Need for social interaction'."", ""4"": ""Conversation shows weak-to-moderate evidence leaning toward high 'Need for social interaction'."", ""5"": ""Conversation shows clear, explicit, repeated evidence of high 'Need for social interaction'.""}"
F0140,Peer-collaboration hours,Peer-collaboration hours,,,False,,behavioral_frequency_count,True,low,True,,False,,1-5 ordinal,"{""1"": ""Conversation shows clear, explicit evidence of low/absent 'Peer-collaboration hours' (or strong evidence of the opposite)."", ""2"": ""Conversation shows weak or partial evidence leaning toward low 'Peer-collaboration hours'."", ""3"": ""Evidence is mixed, neutral, or too thin to lean either direction on 'Peer-collaboration hours'."", ""4"": ""Conversation shows weak-to-moderate evidence leaning toward high 'Peer-collaboration hours'."", ""5"": ""Conversation shows clear, explicit, repeated evidence of high 'Peer-collaboration hours'.""}"
F0141,Arts and Humanities,Arts and Humanities,,,False,,personality_trait_or_disposition,True,low,False,,False,,1-5 ordinal,"{""1"": ""Conversation shows clear, explicit evidence of low/absent 'Arts and Humanities' (or strong evidence of the opposite)."", ""2"": ""Conversation shows weak or partial evidence leaning toward low 'Arts and Humanities'."", ""3"": ""Evidence is mixed, neutral, or too thin to lean either direction on 'Arts and Humanities'."", ""4"": ""Conversation shows weak-to-moderate evidence leaning toward high 'Arts and Humanities'."", ""5"": ""Conversation shows clear, explicit, repeated evidence of high 'Arts and Humanities'.""}"
F0142,596. Religious practice: Quran khatam cycles per year,Religious practice: Quran khatam cycles per year,596,stripped_leading_numeric_id,False,,spiritual_religious_practice,True,medium,True,,False,,1-5 ordinal,"{""1"": ""Conversation shows clear, explicit evidence of low/absent 'Religious practice: Quran khatam cycles per year' (or strong evidence of the opposite)."", ""2"": ""Conversation shows weak or partial evidence leaning toward low 'Religious practice: Quran khatam cycles per year'."", ""3"": ""Evidence is mixed, neutral, or too thin to lean either direction on 'Religious practice: Quran khatam cycles per year'."", ""4"": ""Conversation shows weak-to-moderate evidence leaning toward high 'Religious practice: Quran khatam cycles per year'."", ""5"": ""Conversation shows clear, explicit, repeated evidence of high 'Religious practice: Quran khatam cycles per year'.""}"
F0143,926. Bahá’í spiritual metric: Ridván festival participation,Bahá’í spiritual metric: Ridván festival participation,926,stripped_leading_numeric_id,False,,spiritual_religious_practice,True,medium,True,,False,,1-5 ordinal,"{""1"": ""Conversation shows clear, explicit evidence of low/absent 'Bahá’í spiritual metric: Ridván festival participation' (or strong evidence of the opposite)."", ""2"": ""Conversation shows weak or partial evidence leaning toward low 'Bahá’í spiritual metric: Ridván festival participation'."", ""3"": ""Evidence is mixed, neutral, or too thin to lean either direction on 'Bahá’í spiritual metric: Ridván festival participation'."", ""4"": ""Conversation shows weak-to-moderate evidence leaning toward high 'Bahá’í spiritual metric: Ridván festival participation'."", ""5"": ""Conversation shows clear, explicit, repeated evidence of high 'Bahá’í spiritual metric: Ridván festival participation'.""}"
F0144,Compassion,Compassion,,,False,,personality_trait_or_disposition,True,low,False,,False,,1-5 ordinal,"{""1"": ""Conversation shows clear, explicit evidence of low/absent 'Compassion' (or strong evidence of the opposite)."", ""2"": ""Conversation shows weak or partial evidence leaning toward low 'Compassion'."", ""3"": ""Evidence is mixed, neutral, or too thin to lean either direction on 'Compassion'."", ""4"": ""Conversation shows weak-to-moderate evidence leaning toward high 'Compassion'."", ""5"": ""Conversation shows clear, explicit, repeated evidence of high 'Compassion'.""}"
F0145,Information Retention,Information Retention,,,False,,personality_trait_or_disposition,True,low,False,,False,,1-5 ordinal,"{""1"": ""Conversation shows clear, explicit evidence of low/absent 'Information Retention' (or strong evidence of the opposite)."", ""2"": ""Conversation shows weak or partial evidence leaning toward low 'Information Retention'."", ""3"": ""Evidence is mixed, neutral, or too thin to lean either direction on 'Information Retention'."", ""4"": ""Conversation shows weak-to-moderate evidence leaning toward high 'Information Retention'."", ""5"": ""Conversation shows clear, explicit, repeated evidence of high 'Information Retention'.""}"
F0146,Eye-contact duration,Eye-contact duration,,,False,,personality_trait_or_disposition,True,low,False,,False,,1-5 ordinal,"{""1"": ""Conversation shows clear, explicit evidence of low/absent 'Eye-contact duration' (or strong evidence of the opposite)."", ""2"": ""Conversation shows weak or partial evidence leaning toward low 'Eye-contact duration'."", ""3"": ""Evidence is mixed, neutral, or too thin to lean either direction on 'Eye-contact duration'."", ""4"": ""Conversation shows weak-to-moderate evidence leaning toward high 'Eye-contact duration'."", ""5"": ""Conversation shows clear, explicit, repeated evidence of high 'Eye-contact duration'.""}"
F0147,Self-righteousness,Self-righteousness,,,False,,personality_trait_or_disposition,True,low,False,,False,,1-5 ordinal,"{""1"": ""Conversation shows clear, explicit evidence of low/absent 'Self-righteousness' (or strong evidence of the opposite)."", ""2"": ""Conversation shows weak or partial evidence leaning toward low 'Self-righteousness'."", ""3"": ""Evidence is mixed, neutral, or too thin to lean either direction on 'Self-righteousness'."", ""4"": ""Conversation shows weak-to-moderate evidence leaning toward high 'Self-righteousness'."", ""5"": ""Conversation shows clear, explicit, repeated evidence of high 'Self-righteousness'.""}"
F0148,General Mood and Attitude,General Mood and Attitude,,,False,,personality_trait_or_disposition,True,low,False,,False,,1-5 ordinal,"{""1"": ""Conversation shows clear, explicit evidence of low/absent 'General Mood and Attitude' (or strong evidence of the opposite)."", ""2"": ""Conversation shows weak or partial evidence leaning toward low 'General Mood and Attitude'."", ""3"": ""Evidence is mixed, neutral, or too thin to lean either direction on 'General Mood and Attitude'."", ""4"": ""Conversation shows weak-to-moderate evidence leaning toward high 'General Mood and Attitude'."", ""5"": ""Conversation shows clear, explicit, repeated evidence of high 'General Mood and Attitude'.""}"
F0149,Serotonin transporter availability,Serotonin transporter availability,,,False,,medical_biological,False,high,False,requires_medical_lab_or_genetic_evidence,False,,1-5 ordinal,"{""1"": ""Conversation shows clear, explicit evidence of low/absent 'Serotonin transporter availability' (or strong evidence of the opposite)."", ""2"": ""Conversation shows weak or partial evidence leaning toward low 'Serotonin transporter availability'."", ""3"": ""Evidence is mixed, neutral, or too thin to lean either direction on 'Serotonin transporter availability'."", ""4"": ""Conversation shows weak-to-moderate evidence leaning toward high 'Serotonin transporter availability'."", ""5"": ""Conversation shows clear, explicit, repeated evidence of high 'Serotonin transporter availability'.""}"
F0150,Contribution to Group Goals,Contribution to Group Goals,,,False,,personality_trait_or_disposition,True,low,False,,False,,1-5 ordinal,"{""1"": ""Conversation shows clear, explicit evidence of low/absent 'Contribution to Group Goals' (or strong evidence of the opposite)."", ""2"": ""Conversation shows weak or partial evidence leaning toward low 'Contribution to Group Goals'."", ""3"": ""Evidence is mixed, neutral, or too thin to lean either direction on 'Contribution to Group Goals'."", ""4"": ""Conversation shows weak-to-moderate evidence leaning toward high 'Contribution to Group Goals'."", ""5"": ""Conversation shows clear, explicit, repeated evidence of high 'Contribution to Group Goals'.""}"
F0151,Dignity,Dignity,,,False,,personality_trait_or_disposition,True,low,False,,False,,1-5 ordinal,"{""1"": ""Conversation shows clear, explicit evidence of low/absent 'Dignity' (or strong evidence of the opposite)."", ""2"": ""Conversation shows weak or partial evidence leaning toward low 'Dignity'."", ""3"": ""Evidence is mixed, neutral, or too thin to lean either direction on 'Dignity'."", ""4"": ""Conversation shows weak-to-moderate evidence leaning toward high 'Dignity'."", ""5"": ""Conversation shows clear, explicit, repeated evidence of high 'Dignity'.""}"
F0152,HEXACO Personality Inventory Facets:,HEXACO Personality Inventory Facets,,stripped_trailing_colon,True,header_like_trailing_colon,header_artifact,False,n/a,False,not_a_scorable_facet_category_header,False,,,
F0153,Evaluating Solutions,Evaluating Solutions,,,False,,personality_trait_or_disposition,True,low,False,,False,,1-5 ordinal,"{""1"": ""Conversation shows clear, explicit evidence of low/absent 'Evaluating Solutions' (or strong evidence of the opposite)."", ""2"": ""Conversation shows weak or partial evidence leaning toward low 'Evaluating Solutions'."", ""3"": ""Evidence is mixed, neutral, or too thin to lean either direction on 'Evaluating Solutions'."", ""4"": ""Conversation shows weak-to-moderate evidence leaning toward high 'Evaluating Solutions'."", ""5"": ""Conversation shows clear, explicit, repeated evidence of high 'Evaluating Solutions'.""}"
F0154,Input,Input,,,False,,personality_trait_or_disposition,True,low,False,,False,,1-5 ordinal,"{""1"": ""Conversation shows clear, explicit evidence of low/absent 'Input' (or strong evidence of the opposite)."", ""2"": ""Conversation shows weak or partial evidence leaning toward low 'Input'."", ""3"": ""Evidence is mixed, neutral, or too thin to lean either direction on 'Input'."", ""4"": ""Conversation shows weak-to-moderate evidence leaning toward high 'Input'."", ""5"": ""Conversation shows clear, explicit, repeated evidence of high 'Input'.""}"
F0155,Discreteness,Discreteness,,,False,,personality_trait_or_disposition,True,low,False,,False,,1-5 ordinal,"{""1"": ""Conversation shows clear, explicit evidence of low/absent 'Discreteness' (or strong evidence of the opposite)."", ""2"": ""Conversation shows weak or partial evidence leaning toward low 'Discreteness'."", ""3"": ""Evidence is mixed, neutral, or too thin to lean either direction on 'Discreteness'."", ""4"": ""Conversation shows weak-to-moderate evidence leaning toward high 'Discreteness'."", ""5"": ""Conversation shows clear, explicit, repeated evidence of high 'Discreteness'.""}"
F0156,607. Energy-healing practice: Reiki sessions / year,Energy-healing practice: Reiki sessions / year,607,stripped_leading_numeric_id,False,,spiritual_religious_practice,True,medium,True,,False,,1-5 ordinal,"{""1"": ""Conversation shows clear, explicit evidence of low/absent 'Energy-healing practice: Reiki sessions / year' (or strong evidence of the opposite)."", ""2"": ""Conversation shows weak or partial evidence leaning toward low 'Energy-healing practice: Reiki sessions / year'."", ""3"": ""Evidence is mixed, neutral, or too thin to lean either direction on 'Energy-healing practice: Reiki sessions / year'."", ""4"": ""Conversation shows weak-to-moderate evidence leaning toward high 'Energy-healing practice: Reiki sessions / year'."", ""5"": ""Conversation shows clear, explicit, repeated evidence of high 'Energy-healing practice: Reiki sessions / year'.""}"
F0157,692. Astrology: Rising sign is Scorpio,Astrology: Rising sign is Scorpio,692,stripped_leading_numeric_id,False,,spiritual_religious_practice,True,medium,True,,False,,1-5 ordinal,"{""1"": ""Conversation shows clear, explicit evidence of low/absent 'Astrology: Rising sign is Scorpio' (or strong evidence of the opposite)."", ""2"": ""Conversation shows weak or partial evidence leaning toward low 'Astrology: Rising sign is Scorpio'."", ""3"": ""Evidence is mixed, neutral, or too thin to lean either direction on 'Astrology: Rising sign is Scorpio'."", ""4"": ""Conversation shows weak-to-moderate evidence leaning toward high 'Astrology: Rising sign is Scorpio'."", ""5"": ""Conversation shows clear, explicit, repeated evidence of high 'Astrology: Rising sign is Scorpio'.""}"
F0158,Character strength: Social Intelligence,Character strength: Social Intelligence,,,False,,personality_trait_or_disposition,True,low,False,,False,,1-5 ordinal,"{""1"": ""Conversation shows clear, explicit evidence of low/absent 'Character strength: Social Intelligence' (or strong evidence of the opposite)."", ""2"": ""Conversation shows weak or partial evidence leaning toward low 'Character strength: Social Intelligence'."", ""3"": ""Evidence is mixed, neutral, or too thin to lean either direction on 'Character strength: Social Intelligence'."", ""4"": ""Conversation shows weak-to-moderate evidence leaning toward high 'Character strength: Social Intelligence'."", ""5"": ""Conversation shows clear, explicit, repeated evidence of high 'Character strength: Social Intelligence'.""}"
F0159,Bravery,Bravery,,,False,,personality_trait_or_disposition,True,low,False,,False,,1-5 ordinal,"{""1"": ""Conversation shows clear, explicit evidence of low/absent 'Bravery' (or strong evidence of the opposite)."", ""2"": ""Conversation shows weak or partial evidence leaning toward low 'Bravery'."", ""3"": ""Evidence is mixed, neutral, or too thin to lean either direction on 'Bravery'."", ""4"": ""Conversation shows weak-to-moderate evidence leaning toward high 'Bravery'."", ""5"": ""Conversation shows clear, explicit, repeated evidence of high 'Bravery'.""}"
F0160,Childhood Experiences,Childhood Experiences,,,False,,personality_trait_or_disposition,True,low,False,,False,,1-5 ordinal,"{""1"": ""Conversation shows clear, explicit evidence of low/absent 'Childhood Experiences' (or strong evidence of the opposite)."", ""2"": ""Conversation shows weak or partial evidence leaning toward low 'Childhood Experiences'."", ""3"": ""Evidence is mixed, neutral, or too thin to lean either direction on 'Childhood Experiences'."", ""4"": ""Conversation shows weak-to-moderate evidence leaning toward high 'Childhood Experiences'."", ""5"": ""Conversation shows clear, explicit, repeated evidence of high 'Childhood Experiences'.""}"
F0161,Data-sharing consent level,Data-sharing consent level,,,False,,sensitive_biographical,True,high,True,,False,,1-5 ordinal,"{""1"": ""Conversation shows clear, explicit evidence of low/absent 'Data-sharing consent level' (or strong evidence of the opposite)."", ""2"": ""Conversation shows weak or partial evidence leaning toward low 'Data-sharing consent level'."", ""3"": ""Evidence is mixed, neutral, or too thin to lean either direction on 'Data-sharing consent level'."", ""4"": ""Conversation shows weak-to-moderate evidence leaning toward high 'Data-sharing consent level'."", ""5"": ""Conversation shows clear, explicit, repeated evidence of high 'Data-sharing consent level'.""}"
F0162,Vision-check frequency,Vision-check frequency,,,False,,behavioral_frequency_count,True,low,True,,False,,1-5 ordinal,"{""1"": ""Conversation shows clear, explicit evidence of low/absent 'Vision-check frequency' (or strong evidence of the opposite)."", ""2"": ""Conversation shows weak or partial evidence leaning toward low 'Vision-check frequency'."", ""3"": ""Evidence is mixed, neutral, or too thin to lean either direction on 'Vision-check frequency'."", ""4"": ""Conversation shows weak-to-moderate evidence leaning toward high 'Vision-check frequency'."", ""5"": ""Conversation shows clear, explicit, repeated evidence of high 'Vision-check frequency'.""}"
F0163,Physical-violence exposure,Physical-violence exposure,,,False,,sensitive_biographical,True,high,True,,False,,1-5 ordinal,"{""1"": ""Conversation shows clear, explicit evidence of low/absent 'Physical-violence exposure' (or strong evidence of the opposite)."", ""2"": ""Conversation shows weak or partial evidence leaning toward low 'Physical-violence exposure'."", ""3"": ""Evidence is mixed, neutral, or too thin to lean either direction on 'Physical-violence exposure'."", ""4"": ""Conversation shows weak-to-moderate evidence leaning toward high 'Physical-violence exposure'."", ""5"": ""Conversation shows clear, explicit, repeated evidence of high 'Physical-violence exposure'.""}"
F0164,Macronutrient ratio: fat,Macronutrient ratio: fat,,,False,,medical_biological,False,high,False,requires_medical_lab_or_genetic_evidence,False,,1-5 ordinal,"{""1"": ""Conversation shows clear, explicit evidence of low/absent 'Macronutrient ratio: fat' (or strong evidence of the opposite)."", ""2"": ""Conversation shows weak or partial evidence leaning toward low 'Macronutrient ratio: fat'."", ""3"": ""Evidence is mixed, neutral, or too thin to lean either direction on 'Macronutrient ratio: fat'."", ""4"": ""Conversation shows weak-to-moderate evidence leaning toward high 'Macronutrient ratio: fat'."", ""5"": ""Conversation shows clear, explicit, repeated evidence of high 'Macronutrient ratio: fat'.""}"
F0165,Cooking and Culinary Arts,Cooking and Culinary Arts,,,False,,personality_trait_or_disposition,True,low,False,,False,,1-5 ordinal,"{""1"": ""Conversation shows clear, explicit evidence of low/absent 'Cooking and Culinary Arts' (or strong evidence of the opposite)."", ""2"": ""Conversation shows weak or partial evidence leaning toward low 'Cooking and Culinary Arts'."", ""3"": ""Evidence is mixed, neutral, or too thin to lean either direction on 'Cooking and Culinary Arts'."", ""4"": ""Conversation shows weak-to-moderate evidence leaning toward high 'Cooking and Culinary Arts'."", ""5"": ""Conversation shows clear, explicit, repeated evidence of high 'Cooking and Culinary Arts'.""}"
F0166,Language use,Language use,,,False,,personality_trait_or_disposition,True,low,False,,False,,1-5 ordinal,"{""1"": ""Conversation shows clear, explicit evidence of low/absent 'Language use' (or strong evidence of the opposite)."", ""2"": ""Conversation shows weak or partial evidence leaning toward low 'Language use'."", ""3"": ""Evidence is mixed, neutral, or too thin to lean either direction on 'Language use'."", ""4"": ""Conversation shows weak-to-moderate evidence leaning toward high 'Language use'."", ""5"": ""Conversation shows clear, explicit, repeated evidence of high 'Language use'.""}"
F0167,Dance-style mastery diversity,Dance-style mastery diversity,,,False,,personality_trait_or_disposition,True,low,False,,False,,1-5 ordinal,"{""1"": ""Conversation shows clear, explicit evidence of low/absent 'Dance-style mastery diversity' (or strong evidence of the opposite)."", ""2"": ""Conversation shows weak or partial evidence leaning toward low 'Dance-style mastery diversity'."", ""3"": ""Evidence is mixed, neutral, or too thin to lean either direction on 'Dance-style mastery diversity'."", ""4"": ""Conversation shows weak-to-moderate evidence leaning toward high 'Dance-style mastery diversity'."", ""5"": ""Conversation shows clear, explicit, repeated evidence of high 'Dance-style mastery diversity'.""}"
F0168,Satya Adherence,Satya Adherence,,,False,,personality_trait_or_disposition,True,low,False,,False,,1-5 ordinal,"{""1"": ""Conversation shows clear, explicit evidence of low/absent 'Satya Adherence' (or strong evidence of the opposite)."", ""2"": ""Conversation shows weak or partial evidence leaning toward low 'Satya Adherence'."", ""3"": ""Evidence is mixed, neutral, or too thin to lean either direction on 'Satya Adherence'."", ""4"": ""Conversation shows weak-to-moderate evidence leaning toward high 'Satya Adherence'."", ""5"": ""Conversation shows clear, explicit, repeated evidence of high 'Satya Adherence'.""}"
F0169,Ethnocentrism,Ethnocentrism,,,False,,personality_trait_or_disposition,True,low,False,,False,,1-5 ordinal,"{""1"": ""Conversation shows clear, explicit evidence of low/absent 'Ethnocentrism' (or strong evidence of the opposite)."", ""2"": ""Conversation shows weak or partial evidence leaning toward low 'Ethnocentrism'."", ""3"": ""Evidence is mixed, neutral, or too thin to lean either direction on 'Ethnocentrism'."", ""4"": ""Conversation shows weak-to-moderate evidence leaning toward high 'Ethnocentrism'."", ""5"": ""Conversation shows clear, explicit, repeated evidence of high 'Ethnocentrism'.""}"
F0170,Emotional Boundaries,Emotional Boundaries,,,False,,personality_trait_or_disposition,True,low,False,,False,,1-5 ordinal,"{""1"": ""Conversation shows clear, explicit evidence of low/absent 'Emotional Boundaries' (or strong evidence of the opposite)."", ""2"": ""Conversation shows weak or partial evidence leaning toward low 'Emotional Boundaries'."", ""3"": ""Evidence is mixed, neutral, or too thin to lean either direction on 'Emotional Boundaries'."", ""4"": ""Conversation shows weak-to-moderate evidence leaning toward high 'Emotional Boundaries'."", ""5"": ""Conversation shows clear, explicit, repeated evidence of high 'Emotional Boundaries'.""}"
F0171,Creativity in solutions,Creativity in solutions,,,False,,personality_trait_or_disposition,True,low,False,,False,,1-5 ordinal,"{""1"": ""Conversation shows clear, explicit evidence of low/absent 'Creativity in solutions' (or strong evidence of the opposite)."", ""2"": ""Conversation shows weak or partial evidence leaning toward low 'Creativity in solutions'."", ""3"": ""Evidence is mixed, neutral, or too thin to lean either direction on 'Creativity in solutions'."", ""4"": ""Conversation shows weak-to-moderate evidence leaning toward high 'Creativity in solutions'."", ""5"": ""Conversation shows clear, explicit, repeated evidence of high 'Creativity in solutions'.""}"
F0172,Psychological construct: Hope scale,Psychological construct: Hope scale,,,False,,personality_trait_or_disposition,True,low,False,,False,,1-5 ordinal,"{""1"": ""Conversation shows clear, explicit evidence of low/absent 'Psychological construct: Hope scale' (or strong evidence of the opposite)."", ""2"": ""Conversation shows weak or partial evidence leaning toward low 'Psychological construct: Hope scale'."", ""3"": ""Evidence is mixed, neutral, or too thin to lean either direction on 'Psychological construct: Hope scale'."", ""4"": ""Conversation shows weak-to-moderate evidence leaning toward high 'Psychological construct: Hope scale'."", ""5"": ""Conversation shows clear, explicit, repeated evidence of high 'Psychological construct: Hope scale'.""}"
F0173,565. Practice frequency: Walking meditation,Practice frequency: Walking meditation,565,stripped_leading_numeric_id,False,,spiritual_religious_practice,True,medium,True,,False,,1-5 ordinal,"{""1"": ""Conversation shows clear, explicit evidence of low/absent 'Practice frequency: Walking meditation' (or strong evidence of the opposite)."", ""2"": ""Conversation shows weak or partial evidence leaning toward low 'Practice frequency: Walking meditation'."", ""3"": ""Evidence is mixed, neutral, or too thin to lean either direction on 'Practice frequency: Walking meditation'."", ""4"": ""Conversation shows weak-to-moderate evidence leaning toward high 'Practice frequency: Walking meditation'."", ""5"": ""Conversation shows clear, explicit, repeated evidence of high 'Practice frequency: Walking meditation'.""}"
F0174,Depression (DEP),Depression (DEP),,,False,,clinical_psychological_scale,False,high,False,requires_validated_clinical_instrument_or_diagnosis,False,,1-5 ordinal,"{""1"": ""Conversation shows clear, explicit evidence of low/absent 'Depression (DEP)' (or strong evidence of the opposite)."", ""2"": ""Conversation shows weak or partial evidence leaning toward low 'Depression (DEP)'."", ""3"": ""Evidence is mixed, neutral, or too thin to lean either direction on 'Depression (DEP)'."", ""4"": ""Conversation shows weak-to-moderate evidence leaning toward high 'Depression (DEP)'."", ""5"": ""Conversation shows clear, explicit, repeated evidence of high 'Depression (DEP)'.""}"
F0175,Understanding Mathematical Concepts,Understanding Mathematical Concepts,,,False,,cognitive_psychometric,False,medium,False,requires_formal_psychometric_testing,False,,1-5 ordinal,"{""1"": ""Conversation shows clear, explicit evidence of low/absent 'Understanding Mathematical Concepts' (or strong evidence of the opposite)."", ""2"": ""Conversation shows weak or partial evidence leaning toward low 'Understanding Mathematical Concepts'."", ""3"": ""Evidence is mixed, neutral, or too thin to lean either direction on 'Understanding Mathematical Concepts'."", ""4"": ""Conversation shows weak-to-moderate evidence leaning toward high 'Understanding Mathematical Concepts'."", ""5"": ""Conversation shows clear, explicit, repeated evidence of high 'Understanding Mathematical Concepts'.""}"
F0176,Hypomania (Ma),Hypomania (Ma),,,False,,clinical_psychological_scale,False,high,False,requires_validated_clinical_instrument_or_diagnosis,False,,1-5 ordinal,"{""1"": ""Conversation shows clear, explicit evidence of low/absent 'Hypomania (Ma)' (or strong evidence of the opposite)."", ""2"": ""Conversation shows weak or partial evidence leaning toward low 'Hypomania (Ma)'."", ""3"": ""Evidence is mixed, neutral, or too thin to lean either direction on 'Hypomania (Ma)'."", ""4"": ""Conversation shows weak-to-moderate evidence leaning toward high 'Hypomania (Ma)'."", ""5"": ""Conversation shows clear, explicit, repeated evidence of high 'Hypomania (Ma)'.""}"
F0177,Goal-Directed Behavior,Goal-Directed Behavior,,,False,,personality_trait_or_disposition,True,low,False,,False,,1-5 ordinal,"{""1"": ""Conversation shows clear, explicit evidence of low/absent 'Goal-Directed Behavior' (or strong evidence of the opposite)."", ""2"": ""Conversation shows weak or partial evidence leaning toward low 'Goal-Directed Behavior'."", ""3"": ""Evidence is mixed, neutral, or too thin to lean either direction on 'Goal-Directed Behavior'."", ""4"": ""Conversation shows weak-to-moderate evidence leaning toward high 'Goal-Directed Behavior'."", ""5"": ""Conversation shows clear, explicit, repeated evidence of high 'Goal-Directed Behavior'.""}"
F0178,Depth of Emotional Connections,Depth of Emotional Connections,,,False,,personality_trait_or_disposition,True,low,False,,False,,1-5 ordinal,"{""1"": ""Conversation shows clear, explicit evidence of low/absent 'Depth of Emotional Connections' (or strong evidence of the opposite)."", ""2"": ""Conversation shows weak or partial evidence leaning toward low 'Depth of Emotional Connections'."", ""3"": ""Evidence is mixed, neutral, or too thin to lean either direction on 'Depth of Emotional Connections'."", ""4"": ""Conversation shows weak-to-moderate evidence leaning toward high 'Depth of Emotional Connections'."", ""5"": ""Conversation shows clear, explicit, repeated evidence of high 'Depth of Emotional Connections'.""}"
F0179,Binding foundations index,Binding foundations index,,,False,,personality_trait_or_disposition,True,low,False,,False,,1-5 ordinal,"{""1"": ""Conversation shows clear, explicit evidence of low/absent 'Binding foundations index' (or strong evidence of the opposite)."", ""2"": ""Conversation shows weak or partial evidence leaning toward low 'Binding foundations index'."", ""3"": ""Evidence is mixed, neutral, or too thin to lean either direction on 'Binding foundations index'."", ""4"": ""Conversation shows weak-to-moderate evidence leaning toward high 'Binding foundations index'."", ""5"": ""Conversation shows clear, explicit, repeated evidence of high 'Binding foundations index'.""}"
F0180,Ego Dissolution Frequency,Ego Dissolution Frequency,,,False,,behavioral_frequency_count,True,low,True,,False,,1-5 ordinal,"{""1"": ""Conversation shows clear, explicit evidence of low/absent 'Ego Dissolution Frequency' (or strong evidence of the opposite)."", ""2"": ""Conversation shows weak or partial evidence leaning toward low 'Ego Dissolution Frequency'."", ""3"": ""Evidence is mixed, neutral, or too thin to lean either direction on 'Ego Dissolution Frequency'."", ""4"": ""Conversation shows weak-to-moderate evidence leaning toward high 'Ego Dissolution Frequency'."", ""5"": ""Conversation shows clear, explicit, repeated evidence of high 'Ego Dissolution Frequency'.""}"
F0181,Activator: Turning thoughts into action,Activator: Turning thoughts into action,,,False,,personality_trait_or_disposition,True,low,False,,False,,1-5 ordinal,"{""1"": ""Conversation shows clear, explicit evidence of low/absent 'Activator: Turning thoughts into action' (or strong evidence of the opposite)."", ""2"": ""Conversation shows weak or partial evidence leaning toward low 'Activator: Turning thoughts into action'."", ""3"": ""Evidence is mixed, neutral, or too thin to lean either direction on 'Activator: Turning thoughts into action'."", ""4"": ""Conversation shows weak-to-moderate evidence leaning toward high 'Activator: Turning thoughts into action'."", ""5"": ""Conversation shows clear, explicit, repeated evidence of high 'Activator: Turning thoughts into action'.""}"
F0182,967. Gnostic spiritual metric: Archon meditation frequency,Gnostic spiritual metric: Archon meditation frequency,967,stripped_leading_numeric_id,False,,spiritual_religious_practice,True,medium,True,,False,,1-5 ordinal,"{""1"": ""Conversation shows clear, explicit evidence of low/absent 'Gnostic spiritual metric: Archon meditation frequency' (or strong evidence of the opposite)."", ""2"": ""Conversation shows weak or partial evidence leaning toward low 'Gnostic spiritual metric: Archon meditation frequency'."", ""3"": ""Evidence is mixed, neutral, or too thin to lean either direction on 'Gnostic spiritual metric: Archon meditation frequency'."", ""4"": ""Conversation shows weak-to-moderate evidence leaning toward high 'Gnostic spiritual metric: Archon meditation frequency'."", ""5"": ""Conversation shows clear, explicit, repeated evidence of high 'Gnostic spiritual metric: Archon meditation frequency'.""}"
F0183,Exemplariness,Exemplariness,,,False,,personality_trait_or_disposition,True,low,False,,False,,1-5 ordinal,"{""1"": ""Conversation shows clear, explicit evidence of low/absent 'Exemplariness' (or strong evidence of the opposite)."", ""2"": ""Conversation shows weak or partial evidence leaning toward low 'Exemplariness'."", ""3"": ""Evidence is mixed, neutral, or too thin to lean either direction on 'Exemplariness'."", ""4"": ""Conversation shows weak-to-moderate evidence leaning toward high 'Exemplariness'."", ""5"": ""Conversation shows clear, explicit, repeated evidence of high 'Exemplariness'.""}"
F0184,Moral and Ethical Parameters:,Moral and Ethical Parameters,,stripped_trailing_colon,True,header_like_trailing_colon,header_artifact,False,n/a,False,not_a_scorable_facet_category_header,False,,,
F0185,Submission:,Submission,,stripped_trailing_colon,True,header_like_trailing_colon,header_artifact,False,n/a,False,not_a_scorable_facet_category_header,False,,,
F0186,Frankness,Frankness,,,False,,personality_trait_or_disposition,True,low,False,,False,,1-5 ordinal,"{""1"": ""Conversation shows clear, explicit evidence of low/absent 'Frankness' (or strong evidence of the opposite)."", ""2"": ""Conversation shows weak or partial evidence leaning toward low 'Frankness'."", ""3"": ""Evidence is mixed, neutral, or too thin to lean either direction on 'Frankness'."", ""4"": ""Conversation shows weak-to-moderate evidence leaning toward high 'Frankness'."", ""5"": ""Conversation shows clear, explicit, repeated evidence of high 'Frankness'.""}"
F0187,Psychological construct: Psychological Safety climate,Psychological construct: Psychological Safety climate,,,False,,personality_trait_or_disposition,True,low,False,,False,,1-5 ordinal,"{""1"": ""Conversation shows clear, explicit evidence of low/absent 'Psychological construct: Psychological Safety climate' (or strong evidence of the opposite)."", ""2"": ""Conversation shows weak or partial evidence leaning toward low 'Psychological construct: Psychological Safety climate'."", ""3"": ""Evidence is mixed, neutral, or too thin to lean either direction on 'Psychological construct: Psychological Safety climate'."", ""4"": ""Conversation shows weak-to-moderate evidence leaning toward high 'Psychological construct: Psychological Safety climate'."", ""5"": ""Conversation shows clear, explicit, repeated evidence of high 'Psychological construct: Psychological Safety climate'.""}"
F0188,Psychological construct: Self-Compassion total,Psychological construct: Self-Compassion total,,,False,,personality_trait_or_disposition,True,low,False,,False,,1-5 ordinal,"{""1"": ""Conversation shows clear, explicit evidence of low/absent 'Psychological construct: Self-Compassion total' (or strong evidence of the opposite)."", ""2"": ""Conversation shows weak or partial evidence leaning toward low 'Psychological construct: Self-Compassion total'."", ""3"": ""Evidence is mixed, neutral, or too thin to lean either direction on 'Psychological construct: Self-Compassion total'."", ""4"": ""Conversation shows weak-to-moderate evidence leaning toward high 'Psychological construct: Self-Compassion total'."", ""5"": ""Conversation shows clear, explicit, repeated evidence of high 'Psychological construct: Self-Compassion total'.""}"
F0189,Psychological construct: Executive-Function composite,Psychological construct: Executive-Function composite,,,False,,personality_trait_or_disposition,True,low,False,,False,,1-5 ordinal,"{""1"": ""Conversation shows clear, explicit evidence of low/absent 'Psychological construct: Executive-Function composite' (or strong evidence of the opposite)."", ""2"": ""Conversation shows weak or partial evidence leaning toward low 'Psychological construct: Executive-Function composite'."", ""3"": ""Evidence is mixed, neutral, or too thin to lean either direction on 'Psychological construct: Executive-Function composite'."", ""4"": ""Conversation shows weak-to-moderate evidence leaning toward high 'Psychological construct: Executive-Function composite'."", ""5"": ""Conversation shows clear, explicit, repeated evidence of high 'Psychological construct: Executive-Function composite'.""}"
F0190,Rebelliousness,Rebelliousness,,,False,,personality_trait_or_disposition,True,low,False,,False,,1-5 ordinal,"{""1"": ""Conversation shows clear, explicit evidence of low/absent 'Rebelliousness' (or strong evidence of the opposite)."", ""2"": ""Conversation shows weak or partial evidence leaning toward low 'Rebelliousness'."", ""3"": ""Evidence is mixed, neutral, or too thin to lean either direction on 'Rebelliousness'."", ""4"": ""Conversation shows weak-to-moderate evidence leaning toward high 'Rebelliousness'."", ""5"": ""Conversation shows clear, explicit, repeated evidence of high 'Rebelliousness'.""}"
F0191,Volunteer Work,Volunteer Work,,,False,,personality_trait_or_disposition,True,low,False,,False,,1-5 ordinal,"{""1"": ""Conversation shows clear, explicit evidence of low/absent 'Volunteer Work' (or strong evidence of the opposite)."", ""2"": ""Conversation shows weak or partial evidence leaning toward low 'Volunteer Work'."", ""3"": ""Evidence is mixed, neutral, or too thin to lean either direction on 'Volunteer Work'."", ""4"": ""Conversation shows weak-to-moderate evidence leaning toward high 'Volunteer Work'."", ""5"": ""Conversation shows clear, explicit, repeated evidence of high 'Volunteer Work'.""}"
F0192,Intellect,Intellect,,,False,,personality_trait_or_disposition,True,low,False,,False,,1-5 ordinal,"{""1"": ""Conversation shows clear, explicit evidence of low/absent 'Intellect' (or strong evidence of the opposite)."", ""2"": ""Conversation shows weak or partial evidence leaning toward low 'Intellect'."", ""3"": ""Evidence is mixed, neutral, or too thin to lean either direction on 'Intellect'."", ""4"": ""Conversation shows weak-to-moderate evidence leaning toward high 'Intellect'."", ""5"": ""Conversation shows clear, explicit, repeated evidence of high 'Intellect'.""}"
F0193,Use of Mathematical Formulas,Use of Mathematical Formulas,,,False,,personality_trait_or_disposition,True,low,False,,False,,1-5 ordinal,"{""1"": ""Conversation shows clear, explicit evidence of low/absent 'Use of Mathematical Formulas' (or strong evidence of the opposite)."", ""2"": ""Conversation shows weak or partial evidence leaning toward low 'Use of Mathematical Formulas'."", ""3"": ""Evidence is mixed, neutral, or too thin to lean either direction on 'Use of Mathematical Formulas'."", ""4"": ""Conversation shows weak-to-moderate evidence leaning toward high 'Use of Mathematical Formulas'."", ""5"": ""Conversation shows clear, explicit, repeated evidence of high 'Use of Mathematical Formulas'.""}"
F0194,Coarseness,Coarseness,,,False,,personality_trait_or_disposition,True,low,False,,False,,1-5 ordinal,"{""1"": ""Conversation shows clear, explicit evidence of low/absent 'Coarseness' (or strong evidence of the opposite)."", ""2"": ""Conversation shows weak or partial evidence leaning toward low 'Coarseness'."", ""3"": ""Evidence is mixed, neutral, or too thin to lean either direction on 'Coarseness'."", ""4"": ""Conversation shows weak-to-moderate evidence leaning toward high 'Coarseness'."", ""5"": ""Conversation shows clear, explicit, repeated evidence of high 'Coarseness'.""}"
F0195,Behavioral Tendencies and Subcomponents:,Behavioral Tendencies and Subcomponents,,stripped_trailing_colon,True,header_like_trailing_colon,header_artifact,False,n/a,False,not_a_scorable_facet_category_header,False,,,
F0196,Sensitivity,Sensitivity,,,False,,personality_trait_or_disposition,True,low,False,,False,,1-5 ordinal,"{""1"": ""Conversation shows clear, explicit evidence of low/absent 'Sensitivity' (or strong evidence of the opposite)."", ""2"": ""Conversation shows weak or partial evidence leaning toward low 'Sensitivity'."", ""3"": ""Evidence is mixed, neutral, or too thin to lean either direction on 'Sensitivity'."", ""4"": ""Conversation shows weak-to-moderate evidence leaning toward high 'Sensitivity'."", ""5"": ""Conversation shows clear, explicit, repeated evidence of high 'Sensitivity'.""}"
F0197,Divided Attention Ability,Divided Attention Ability,,,False,,cognitive_psychometric,False,medium,False,requires_formal_psychometric_testing,False,,1-5 ordinal,"{""1"": ""Conversation shows clear, explicit evidence of low/absent 'Divided Attention Ability' (or strong evidence of the opposite)."", ""2"": ""Conversation shows weak or partial evidence leaning toward low 'Divided Attention Ability'."", ""3"": ""Evidence is mixed, neutral, or too thin to lean either direction on 'Divided Attention Ability'."", ""4"": ""Conversation shows weak-to-moderate evidence leaning toward high 'Divided Attention Ability'."", ""5"": ""Conversation shows clear, explicit, repeated evidence of high 'Divided Attention Ability'.""}"
F0198,Psychological construct: Acculturative Stress score,Psychological construct: Acculturative Stress score,,,False,,personality_trait_or_disposition,True,low,False,,False,,1-5 ordinal,"{""1"": ""Conversation shows clear, explicit evidence of low/absent 'Psychological construct: Acculturative Stress score' (or strong evidence of the opposite)."", ""2"": ""Conversation shows weak or partial evidence leaning toward low 'Psychological construct: Acculturative Stress score'."", ""3"": ""Evidence is mixed, neutral, or too thin to lean either direction on 'Psychological construct: Acculturative Stress score'."", ""4"": ""Conversation shows weak-to-moderate evidence leaning toward high 'Psychological construct: Acculturative Stress score'."", ""5"": ""Conversation shows clear, explicit, repeated evidence of high 'Psychological construct: Acculturative Stress score'.""}"
F0199,Dauntlessness,Dauntlessness,,,False,,personality_trait_or_disposition,True,low,False,,False,,1-5 ordinal,"{""1"": ""Conversation shows clear, explicit evidence of low/absent 'Dauntlessness' (or strong evidence of the opposite)."", ""2"": ""Conversation shows weak or partial evidence leaning toward low 'Dauntlessness'."", ""3"": ""Evidence is mixed, neutral, or too thin to lean either direction on 'Dauntlessness'."", ""4"": ""Conversation shows weak-to-moderate evidence leaning toward high 'Dauntlessness'."", ""5"": ""Conversation shows clear, explicit, repeated evidence of high 'Dauntlessness'.""}"
F0200,Concreteness,Concreteness,,,False,,personality_trait_or_disposition,True,low,False,,False,,1-5 ordinal,"{""1"": ""Conversation shows clear, explicit evidence of low/absent 'Concreteness' (or strong evidence of the opposite)."", ""2"": ""Conversation shows weak or partial evidence leaning toward low 'Concreteness'."", ""3"": ""Evidence is mixed, neutral, or too thin to lean either direction on 'Concreteness'."", ""4"": ""Conversation shows weak-to-moderate evidence leaning toward high 'Concreteness'."", ""5"": ""Conversation shows clear, explicit, repeated evidence of high 'Concreteness'.""}"
F0201,Hysteria (Hy),Hysteria (Hy),,,False,,clinical_psychological_scale,False,high,False,requires_validated_clinical_instrument_or_diagnosis,False,,1-5 ordinal,"{""1"": ""Conversation shows clear, explicit evidence of low/absent 'Hysteria (Hy)' (or strong evidence of the opposite)."", ""2"": ""Conversation shows weak or partial evidence leaning toward low 'Hysteria (Hy)'."", ""3"": ""Evidence is mixed, neutral, or too thin to lean either direction on 'Hysteria (Hy)'."", ""4"": ""Conversation shows weak-to-moderate evidence leaning toward high 'Hysteria (Hy)'."", ""5"": ""Conversation shows clear, explicit, repeated evidence of high 'Hysteria (Hy)'.""}"
F0202,911. Jewish spiritual metric: Sukkot lulav-shaking days,Jewish spiritual metric: Sukkot lulav-shaking days,911,stripped_leading_numeric_id,False,,spiritual_religious_practice,True,medium,True,,False,,1-5 ordinal,"{""1"": ""Conversation shows clear, explicit evidence of low/absent 'Jewish spiritual metric: Sukkot lulav-shaking days' (or strong evidence of the opposite)."", ""2"": ""Conversation shows weak or partial evidence leaning toward low 'Jewish spiritual metric: Sukkot lulav-shaking days'."", ""3"": ""Evidence is mixed, neutral, or too thin to lean either direction on 'Jewish spiritual metric: Sukkot lulav-shaking days'."", ""4"": ""Conversation shows weak-to-moderate evidence leaning toward high 'Jewish spiritual metric: Sukkot lulav-shaking days'."", ""5"": ""Conversation shows clear, explicit, repeated evidence of high 'Jewish spiritual metric: Sukkot lulav-shaking days'.""}"
F0203,Sentence Structure,Sentence Structure,,,False,,cognitive_psychometric,False,medium,False,requires_formal_psychometric_testing,False,,1-5 ordinal,"{""1"": ""Conversation shows clear, explicit evidence of low/absent 'Sentence Structure' (or strong evidence of the opposite)."", ""2"": ""Conversation shows weak or partial evidence leaning toward low 'Sentence Structure'."", ""3"": ""Evidence is mixed, neutral, or too thin to lean either direction on 'Sentence Structure'."", ""4"": ""Conversation shows weak-to-moderate evidence leaning toward high 'Sentence Structure'."", ""5"": ""Conversation shows clear, explicit, repeated evidence of high 'Sentence Structure'.""}"
F0204,Esteem Needs,Esteem Needs,,,False,,personality_trait_or_disposition,True,low,False,,False,,1-5 ordinal,"{""1"": ""Conversation shows clear, explicit evidence of low/absent 'Esteem Needs' (or strong evidence of the opposite)."", ""2"": ""Conversation shows weak or partial evidence leaning toward low 'Esteem Needs'."", ""3"": ""Evidence is mixed, neutral, or too thin to lean either direction on 'Esteem Needs'."", ""4"": ""Conversation shows weak-to-moderate evidence leaning toward high 'Esteem Needs'."", ""5"": ""Conversation shows clear, explicit, repeated evidence of high 'Esteem Needs'.""}"
F0205,Understanding mechanical concepts,Understanding mechanical concepts,,,False,,cognitive_psychometric,False,medium,False,requires_formal_psychometric_testing,False,,1-5 ordinal,"{""1"": ""Conversation shows clear, explicit evidence of low/absent 'Understanding mechanical concepts' (or strong evidence of the opposite)."", ""2"": ""Conversation shows weak or partial evidence leaning toward low 'Understanding mechanical concepts'."", ""3"": ""Evidence is mixed, neutral, or too thin to lean either direction on 'Understanding mechanical concepts'."", ""4"": ""Conversation shows weak-to-moderate evidence leaning toward high 'Understanding mechanical concepts'."", ""5"": ""Conversation shows clear, explicit, repeated evidence of high 'Understanding mechanical concepts'.""}"
F0206,Auditory Memory Recall,Auditory Memory Recall,,,False,,cognitive_psychometric,False,medium,False,requires_formal_psychometric_testing,False,,1-5 ordinal,"{""1"": ""Conversation shows clear, explicit evidence of low/absent 'Auditory Memory Recall' (or strong evidence of the opposite)."", ""2"": ""Conversation shows weak or partial evidence leaning toward low 'Auditory Memory Recall'."", ""3"": ""Evidence is mixed, neutral, or too thin to lean either direction on 'Auditory Memory Recall'."", ""4"": ""Conversation shows weak-to-moderate evidence leaning toward high 'Auditory Memory Recall'."", ""5"": ""Conversation shows clear, explicit, repeated evidence of high 'Auditory Memory Recall'.""}"
F0207,Storytelling proficiency,Storytelling proficiency,,,False,,personality_trait_or_disposition,True,low,False,,False,,1-5 ordinal,"{""1"": ""Conversation shows clear, explicit evidence of low/absent 'Storytelling proficiency' (or strong evidence of the opposite)."", ""2"": ""Conversation shows weak or partial evidence leaning toward low 'Storytelling proficiency'."", ""3"": ""Evidence is mixed, neutral, or too thin to lean either direction on 'Storytelling proficiency'."", ""4"": ""Conversation shows weak-to-moderate evidence leaning toward high 'Storytelling proficiency'."", ""5"": ""Conversation shows clear, explicit, repeated evidence of high 'Storytelling proficiency'.""}"
F0208,Music-lessons years,Music-lessons years,,,False,,behavioral_frequency_count,True,low,True,,False,,1-5 ordinal,"{""1"": ""Conversation shows clear, explicit evidence of low/absent 'Music-lessons years' (or strong evidence of the opposite)."", ""2"": ""Conversation shows weak or partial evidence leaning toward low 'Music-lessons years'."", ""3"": ""Evidence is mixed, neutral, or too thin to lean either direction on 'Music-lessons years'."", ""4"": ""Conversation shows weak-to-moderate evidence leaning toward high 'Music-lessons years'."", ""5"": ""Conversation shows clear, explicit, repeated evidence of high 'Music-lessons years'.""}"
F0209,Warmheartedness,Warmheartedness,,,False,,personality_trait_or_disposition,True,low,False,,False,,1-5 ordinal,"{""1"": ""Conversation shows clear, explicit evidence of low/absent 'Warmheartedness' (or strong evidence of the opposite)."", ""2"": ""Conversation shows weak or partial evidence leaning toward low 'Warmheartedness'."", ""3"": ""Evidence is mixed, neutral, or too thin to lean either direction on 'Warmheartedness'."", ""4"": ""Conversation shows weak-to-moderate evidence leaning toward high 'Warmheartedness'."", ""5"": ""Conversation shows clear, explicit, repeated evidence of high 'Warmheartedness'.""}"
F0210,Self-effacement,Self-effacement,,,False,,personality_trait_or_disposition,True,low,False,,False,,1-5 ordinal,"{""1"": ""Conversation shows clear, explicit evidence of low/absent 'Self-effacement' (or strong evidence of the opposite)."", ""2"": ""Conversation shows weak or partial evidence leaning toward low 'Self-effacement'."", ""3"": ""Evidence is mixed, neutral, or too thin to lean either direction on 'Self-effacement'."", ""4"": ""Conversation shows weak-to-moderate evidence leaning toward high 'Self-effacement'."", ""5"": ""Conversation shows clear, explicit, repeated evidence of high 'Self-effacement'.""}"
F0211,Outspokenness,Outspokenness,,,False,,personality_trait_or_disposition,True,low,False,,False,,1-5 ordinal,"{""1"": ""Conversation shows clear, explicit evidence of low/absent 'Outspokenness' (or strong evidence of the opposite)."", ""2"": ""Conversation shows weak or partial evidence leaning toward low 'Outspokenness'."", ""3"": ""Evidence is mixed, neutral, or too thin to lean either direction on 'Outspokenness'."", ""4"": ""Conversation shows weak-to-moderate evidence leaning toward high 'Outspokenness'."", ""5"": ""Conversation shows clear, explicit, repeated evidence of high 'Outspokenness'.""}"
F0212,Sleep-environment temperature,Sleep-environment temperature,,,False,,sensitive_biographical,True,high,True,,False,,1-5 ordinal,"{""1"": ""Conversation shows clear, explicit evidence of low/absent 'Sleep-environment temperature' (or strong evidence of the opposite)."", ""2"": ""Conversation shows weak or partial evidence leaning toward low 'Sleep-environment temperature'."", ""3"": ""Evidence is mixed, neutral, or too thin to lean either direction on 'Sleep-environment temperature'."", ""4"": ""Conversation shows weak-to-moderate evidence leaning toward high 'Sleep-environment temperature'."", ""5"": ""Conversation shows clear, explicit, repeated evidence of high 'Sleep-environment temperature'.""}"
F0213,Comprehension of spoken information,Comprehension of spoken information,,,False,,cognitive_psychometric,False,medium,False,requires_formal_psychometric_testing,False,,1-5 ordinal,"{""1"": ""Conversation shows clear, explicit evidence of low/absent 'Comprehension of spoken information' (or strong evidence of the opposite)."", ""2"": ""Conversation shows weak or partial evidence leaning toward low 'Comprehension of spoken information'."", ""3"": ""Evidence is mixed, neutral, or too thin to lean either direction on 'Comprehension of spoken information'."", ""4"": ""Conversation shows weak-to-moderate evidence leaning toward high 'Comprehension of spoken information'."", ""5"": ""Conversation shows clear, explicit, repeated evidence of high 'Comprehension of spoken information'.""}"
F0214,Blissfulness,Blissfulness,,,False,,personality_trait_or_disposition,True,low,False,,False,,1-5 ordinal,"{""1"": ""Conversation shows clear, explicit evidence of low/absent 'Blissfulness' (or strong evidence of the opposite)."", ""2"": ""Conversation shows weak or partial evidence leaning toward low 'Blissfulness'."", ""3"": ""Evidence is mixed, neutral, or too thin to lean either direction on 'Blissfulness'."", ""4"": ""Conversation shows weak-to-moderate evidence leaning toward high 'Blissfulness'."", ""5"": ""Conversation shows clear, explicit, repeated evidence of high 'Blissfulness'.""}"
F0215,Sequential Memory Recall,Sequential Memory Recall,,,False,,cognitive_psychometric,False,medium,False,requires_formal_psychometric_testing,False,,1-5 ordinal,"{""1"": ""Conversation shows clear, explicit evidence of low/absent 'Sequential Memory Recall' (or strong evidence of the opposite)."", ""2"": ""Conversation shows weak or partial evidence leaning toward low 'Sequential Memory Recall'."", ""3"": ""Evidence is mixed, neutral, or too thin to lean either direction on 'Sequential Memory Recall'."", ""4"": ""Conversation shows weak-to-moderate evidence leaning toward high 'Sequential Memory Recall'."", ""5"": ""Conversation shows clear, explicit, repeated evidence of high 'Sequential Memory Recall'.""}"
F0216,Withdrawnness,Withdrawnness,,,False,,personality_trait_or_disposition,True,low,False,,False,,1-5 ordinal,"{""1"": ""Conversation shows clear, explicit evidence of low/absent 'Withdrawnness' (or strong evidence of the opposite)."", ""2"": ""Conversation shows weak or partial evidence leaning toward low 'Withdrawnness'."", ""3"": ""Evidence is mixed, neutral, or too thin to lean either direction on 'Withdrawnness'."", ""4"": ""Conversation shows weak-to-moderate evidence leaning toward high 'Withdrawnness'."", ""5"": ""Conversation shows clear, explicit, repeated evidence of high 'Withdrawnness'.""}"
F0217,892. Hindu spiritual metric: Yoga discipline hours / week,Hindu spiritual metric: Yoga discipline hours / week,892,stripped_leading_numeric_id,False,,spiritual_religious_practice,True,medium,True,,False,,1-5 ordinal,"{""1"": ""Conversation shows clear, explicit evidence of low/absent 'Hindu spiritual metric: Yoga discipline hours / week' (or strong evidence of the opposite)."", ""2"": ""Conversation shows weak or partial evidence leaning toward low 'Hindu spiritual metric: Yoga discipline hours / week'."", ""3"": ""Evidence is mixed, neutral, or too thin to lean either direction on 'Hindu spiritual metric: Yoga discipline hours / week'."", ""4"": ""Conversation shows weak-to-moderate evidence leaning toward high 'Hindu spiritual metric: Yoga discipline hours / week'."", ""5"": ""Conversation shows clear, explicit, repeated evidence of high 'Hindu spiritual metric: Yoga discipline hours / week'.""}"
F0218,Conservatism,Conservatism,,,False,,personality_trait_or_disposition,True,low,False,,False,,1-5 ordinal,"{""1"": ""Conversation shows clear, explicit evidence of low/absent 'Conservatism' (or strong evidence of the opposite)."", ""2"": ""Conversation shows weak or partial evidence leaning toward low 'Conservatism'."", ""3"": ""Evidence is mixed, neutral, or too thin to lean either direction on 'Conservatism'."", ""4"": ""Conversation shows weak-to-moderate evidence leaning toward high 'Conservatism'."", ""5"": ""Conversation shows clear, explicit, repeated evidence of high 'Conservatism'.""}"
F0219,Adaptability and Flexibility Subcomponents:,Adaptability and Flexibility Subcomponents,,stripped_trailing_colon,True,header_like_trailing_colon,header_artifact,False,n/a,False,not_a_scorable_facet_category_header,False,,,
F0220,898. Hindu spiritual metric: Vrata vows observed / year,Hindu spiritual metric: Vrata vows observed / year,898,stripped_leading_numeric_id,False,,spiritual_religious_practice,True,medium,True,,False,,1-5 ordinal,"{""1"": ""Conversation shows clear, explicit evidence of low/absent 'Hindu spiritual metric: Vrata vows observed / year' (or strong evidence of the opposite)."", ""2"": ""Conversation shows weak or partial evidence leaning toward low 'Hindu spiritual metric: Vrata vows observed / year'."", ""3"": ""Evidence is mixed, neutral, or too thin to lean either direction on 'Hindu spiritual metric: Vrata vows observed / year'."", ""4"": ""Conversation shows weak-to-moderate evidence leaning toward high 'Hindu spiritual metric: Vrata vows observed / year'."", ""5"": ""Conversation shows clear, explicit, repeated evidence of high 'Hindu spiritual metric: Vrata vows observed / year'.""}"
F0221,Ardency,Ardency,,,False,,personality_trait_or_disposition,True,low,False,,False,,1-5 ordinal,"{""1"": ""Conversation shows clear, explicit evidence of low/absent 'Ardency' (or strong evidence of the opposite)."", ""2"": ""Conversation shows weak or partial evidence leaning toward low 'Ardency'."", ""3"": ""Evidence is mixed, neutral, or too thin to lean either direction on 'Ardency'."", ""4"": ""Conversation shows weak-to-moderate evidence leaning toward high 'Ardency'."", ""5"": ""Conversation shows clear, explicit, repeated evidence of high 'Ardency'.""}"
F0222,Aesthetic Appreciation,Aesthetic Appreciation,,,False,,personality_trait_or_disposition,True,low,False,,False,,1-5 ordinal,"{""1"": ""Conversation shows clear, explicit evidence of low/absent 'Aesthetic Appreciation' (or strong evidence of the opposite)."", ""2"": ""Conversation shows weak or partial evidence leaning toward low 'Aesthetic Appreciation'."", ""3"": ""Evidence is mixed, neutral, or too thin to lean either direction on 'Aesthetic Appreciation'."", ""4"": ""Conversation shows weak-to-moderate evidence leaning toward high 'Aesthetic Appreciation'."", ""5"": ""Conversation shows clear, explicit, repeated evidence of high 'Aesthetic Appreciation'.""}"
F0223,Transactional Leadership:,Transactional Leadership,,stripped_trailing_colon,True,header_like_trailing_colon,header_artifact,False,n/a,False,not_a_scorable_facet_category_header,False,,,
F0224,Value orientation: Universalism,Value orientation: Universalism,,,False,,personality_trait_or_disposition,True,low,False,,False,,1-5 ordinal,"{""1"": ""Conversation shows clear, explicit evidence of low/absent 'Value orientation: Universalism' (or strong evidence of the opposite)."", ""2"": ""Conversation shows weak or partial evidence leaning toward low 'Value orientation: Universalism'."", ""3"": ""Evidence is mixed, neutral, or too thin to lean either direction on 'Value orientation: Universalism'."", ""4"": ""Conversation shows weak-to-moderate evidence leaning toward high 'Value orientation: Universalism'."", ""5"": ""Conversation shows clear, explicit, repeated evidence of high 'Value orientation: Universalism'.""}"
F0225,Perseverance,Perseverance,,,False,,personality_trait_or_disposition,True,low,False,,False,,1-5 ordinal,"{""1"": ""Conversation shows clear, explicit evidence of low/absent 'Perseverance' (or strong evidence of the opposite)."", ""2"": ""Conversation shows weak or partial evidence leaning toward low 'Perseverance'."", ""3"": ""Evidence is mixed, neutral, or too thin to lean either direction on 'Perseverance'."", ""4"": ""Conversation shows weak-to-moderate evidence leaning toward high 'Perseverance'."", ""5"": ""Conversation shows clear, explicit, repeated evidence of high 'Perseverance'.""}"
F0226,Regularity of Self-Reflection,Regularity of Self-Reflection,,,False,,personality_trait_or_disposition,True,low,False,,False,,1-5 ordinal,"{""1"": ""Conversation shows clear, explicit evidence of low/absent 'Regularity of Self-Reflection' (or strong evidence of the opposite)."", ""2"": ""Conversation shows weak or partial evidence leaning toward low 'Regularity of Self-Reflection'."", ""3"": ""Evidence is mixed, neutral, or too thin to lean either direction on 'Regularity of Self-Reflection'."", ""4"": ""Conversation shows weak-to-moderate evidence leaning toward high 'Regularity of Self-Reflection'."", ""5"": ""Conversation shows clear, explicit, repeated evidence of high 'Regularity of Self-Reflection'.""}"
F0227,Controlling Reactions,Controlling Reactions,,,False,,personality_trait_or_disposition,True,low,False,,False,,1-5 ordinal,"{""1"": ""Conversation shows clear, explicit evidence of low/absent 'Controlling Reactions' (or strong evidence of the opposite)."", ""2"": ""Conversation shows weak or partial evidence leaning toward low 'Controlling Reactions'."", ""3"": ""Evidence is mixed, neutral, or too thin to lean either direction on 'Controlling Reactions'."", ""4"": ""Conversation shows weak-to-moderate evidence leaning toward high 'Controlling Reactions'."", ""5"": ""Conversation shows clear, explicit, repeated evidence of high 'Controlling Reactions'.""}"
F0228,Psychological construct: Cultural Intelligence – Behavioral,Psychological construct: Cultural Intelligence – Behavioral,,,False,,personality_trait_or_disposition,True,low,False,,False,,1-5 ordinal,"{""1"": ""Conversation shows clear, explicit evidence of low/absent 'Psychological construct: Cultural Intelligence – Behavioral' (or strong evidence of the opposite)."", ""2"": ""Conversation shows weak or partial evidence leaning toward low 'Psychological construct: Cultural Intelligence – Behavioral'."", ""3"": ""Evidence is mixed, neutral, or too thin to lean either direction on 'Psychological construct: Cultural Intelligence – Behavioral'."", ""4"": ""Conversation shows weak-to-moderate evidence leaning toward high 'Psychological construct: Cultural Intelligence – Behavioral'."", ""5"": ""Conversation shows clear, explicit, repeated evidence of high 'Psychological construct: Cultural Intelligence – Behavioral'.""}"
F0229,Metabolic Rate (Low or High),Metabolic Rate (Low or High),,,False,,medical_biological,False,high,False,requires_medical_lab_or_genetic_evidence,False,,1-5 ordinal,"{""1"": ""Conversation shows clear, explicit evidence of low/absent 'Metabolic Rate (Low or High)' (or strong evidence of the opposite)."", ""2"": ""Conversation shows weak or partial evidence leaning toward low 'Metabolic Rate (Low or High)'."", ""3"": ""Evidence is mixed, neutral, or too thin to lean either direction on 'Metabolic Rate (Low or High)'."", ""4"": ""Conversation shows weak-to-moderate evidence leaning toward high 'Metabolic Rate (Low or High)'."", ""5"": ""Conversation shows clear, explicit, repeated evidence of high 'Metabolic Rate (Low or High)'.""}"
F0230,Dietary Habits,Dietary Habits,,,False,,personality_trait_or_disposition,True,low,False,,False,,1-5 ordinal,"{""1"": ""Conversation shows clear, explicit evidence of low/absent 'Dietary Habits' (or strong evidence of the opposite)."", ""2"": ""Conversation shows weak or partial evidence leaning toward low 'Dietary Habits'."", ""3"": ""Evidence is mixed, neutral, or too thin to lean either direction on 'Dietary Habits'."", ""4"": ""Conversation shows weak-to-moderate evidence leaning toward high 'Dietary Habits'."", ""5"": ""Conversation shows clear, explicit, repeated evidence of high 'Dietary Habits'.""}"
F0231,Significance: Desire to make an impact,Significance: Desire to make an impact,,,False,,personality_trait_or_disposition,True,low,False,,False,,1-5 ordinal,"{""1"": ""Conversation shows clear, explicit evidence of low/absent 'Significance: Desire to make an impact' (or strong evidence of the opposite)."", ""2"": ""Conversation shows weak or partial evidence leaning toward low 'Significance: Desire to make an impact'."", ""3"": ""Evidence is mixed, neutral, or too thin to lean either direction on 'Significance: Desire to make an impact'."", ""4"": ""Conversation shows weak-to-moderate evidence leaning toward high 'Significance: Desire to make an impact'."", ""5"": ""Conversation shows clear, explicit, repeated evidence of high 'Significance: Desire to make an impact'.""}"
F0232,Psychological construct: Resilience-Trait score,Psychological construct: Resilience-Trait score,,,False,,personality_trait_or_disposition,True,low,False,,False,,1-5 ordinal,"{""1"": ""Conversation shows clear, explicit evidence of low/absent 'Psychological construct: Resilience-Trait score' (or strong evidence of the opposite)."", ""2"": ""Conversation shows weak or partial evidence leaning toward low 'Psychological construct: Resilience-Trait score'."", ""3"": ""Evidence is mixed, neutral, or too thin to lean either direction on 'Psychological construct: Resilience-Trait score'."", ""4"": ""Conversation shows weak-to-moderate evidence leaning toward high 'Psychological construct: Resilience-Trait score'."", ""5"": ""Conversation shows clear, explicit, repeated evidence of high 'Psychological construct: Resilience-Trait score'.""}"
F0233,Boredom Susceptibility,Boredom Susceptibility,,,False,,personality_trait_or_disposition,True,low,False,,False,,1-5 ordinal,"{""1"": ""Conversation shows clear, explicit evidence of low/absent 'Boredom Susceptibility' (or strong evidence of the opposite)."", ""2"": ""Conversation shows weak or partial evidence leaning toward low 'Boredom Susceptibility'."", ""3"": ""Evidence is mixed, neutral, or too thin to lean either direction on 'Boredom Susceptibility'."", ""4"": ""Conversation shows weak-to-moderate evidence leaning toward high 'Boredom Susceptibility'."", ""5"": ""Conversation shows clear, explicit, repeated evidence of high 'Boredom Susceptibility'.""}"
F0234,Psychological construct: Consummatory Pleasure scale,Psychological construct: Consummatory Pleasure scale,,,False,,personality_trait_or_disposition,True,low,False,,False,,1-5 ordinal,"{""1"": ""Conversation shows clear, explicit evidence of low/absent 'Psychological construct: Consummatory Pleasure scale' (or strong evidence of the opposite)."", ""2"": ""Conversation shows weak or partial evidence leaning toward low 'Psychological construct: Consummatory Pleasure scale'."", ""3"": ""Evidence is mixed, neutral, or too thin to lean either direction on 'Psychological construct: Consummatory Pleasure scale'."", ""4"": ""Conversation shows weak-to-moderate evidence leaning toward high 'Psychological construct: Consummatory Pleasure scale'."", ""5"": ""Conversation shows clear, explicit, repeated evidence of high 'Psychological construct: Consummatory Pleasure scale'.""}"
F0235,Leadership Styles and Behaviors:,Leadership Styles and Behaviors,,stripped_trailing_colon,True,header_like_trailing_colon,header_artifact,False,n/a,False,not_a_scorable_facet_category_header,False,,,
F0236,723. I Ching hexagram 5 resonance level,I Ching hexagram 5 resonance level,723,stripped_leading_numeric_id,False,,spiritual_religious_practice,True,medium,True,,False,,1-5 ordinal,"{""1"": ""Conversation shows clear, explicit evidence of low/absent 'I Ching hexagram 5 resonance level' (or strong evidence of the opposite)."", ""2"": ""Conversation shows weak or partial evidence leaning toward low 'I Ching hexagram 5 resonance level'."", ""3"": ""Evidence is mixed, neutral, or too thin to lean either direction on 'I Ching hexagram 5 resonance level'."", ""4"": ""Conversation shows weak-to-moderate evidence leaning toward high 'I Ching hexagram 5 resonance level'."", ""5"": ""Conversation shows clear, explicit, repeated evidence of high 'I Ching hexagram 5 resonance level'.""}"
F0237,Macronutrient ratio: carbs,Macronutrient ratio: carbs,,,False,,medical_biological,False,high,False,requires_medical_lab_or_genetic_evidence,False,,1-5 ordinal,"{""1"": ""Conversation shows clear, explicit evidence of low/absent 'Macronutrient ratio: carbs' (or strong evidence of the opposite)."", ""2"": ""Conversation shows weak or partial evidence leaning toward low 'Macronutrient ratio: carbs'."", ""3"": ""Evidence is mixed, neutral, or too thin to lean either direction on 'Macronutrient ratio: carbs'."", ""4"": ""Conversation shows weak-to-moderate evidence leaning toward high 'Macronutrient ratio: carbs'."", ""5"": ""Conversation shows clear, explicit, repeated evidence of high 'Macronutrient ratio: carbs'.""}"
F0238,Passport-stamps count,Passport-stamps count,,,False,,behavioral_frequency_count,True,low,True,,False,,1-5 ordinal,"{""1"": ""Conversation shows clear, explicit evidence of low/absent 'Passport-stamps count' (or strong evidence of the opposite)."", ""2"": ""Conversation shows weak or partial evidence leaning toward low 'Passport-stamps count'."", ""3"": ""Evidence is mixed, neutral, or too thin to lean either direction on 'Passport-stamps count'."", ""4"": ""Conversation shows weak-to-moderate evidence leaning toward high 'Passport-stamps count'."", ""5"": ""Conversation shows clear, explicit, repeated evidence of high 'Passport-stamps count'.""}"
F0239,Local-food sourcing %,Local-food sourcing %,,,False,,personality_trait_or_disposition,True,low,False,,False,,1-5 ordinal,"{""1"": ""Conversation shows clear, explicit evidence of low/absent 'Local-food sourcing %' (or strong evidence of the opposite)."", ""2"": ""Conversation shows weak or partial evidence leaning toward low 'Local-food sourcing %'."", ""3"": ""Evidence is mixed, neutral, or too thin to lean either direction on 'Local-food sourcing %'."", ""4"": ""Conversation shows weak-to-moderate evidence leaning toward high 'Local-food sourcing %'."", ""5"": ""Conversation shows clear, explicit, repeated evidence of high 'Local-food sourcing %'.""}"
F0240,Patient care orientation,Patient care orientation,,,False,,personality_trait_or_disposition,True,low,False,,False,,1-5 ordinal,"{""1"": ""Conversation shows clear, explicit evidence of low/absent 'Patient care orientation' (or strong evidence of the opposite)."", ""2"": ""Conversation shows weak or partial evidence leaning toward low 'Patient care orientation'."", ""3"": ""Evidence is mixed, neutral, or too thin to lean either direction on 'Patient care orientation'."", ""4"": ""Conversation shows weak-to-moderate evidence leaning toward high 'Patient care orientation'."", ""5"": ""Conversation shows clear, explicit, repeated evidence of high 'Patient care orientation'.""}"
F0241,Soft-skill training hours,Soft-skill training hours,,,False,,behavioral_frequency_count,True,low,True,,False,,1-5 ordinal,"{""1"": ""Conversation shows clear, explicit evidence of low/absent 'Soft-skill training hours' (or strong evidence of the opposite)."", ""2"": ""Conversation shows weak or partial evidence leaning toward low 'Soft-skill training hours'."", ""3"": ""Evidence is mixed, neutral, or too thin to lean either direction on 'Soft-skill training hours'."", ""4"": ""Conversation shows weak-to-moderate evidence leaning toward high 'Soft-skill training hours'."", ""5"": ""Conversation shows clear, explicit, repeated evidence of high 'Soft-skill training hours'.""}"
F0242,Graffiti appreciation,Graffiti appreciation,,,False,,personality_trait_or_disposition,True,low,False,,False,,1-5 ordinal,"{""1"": ""Conversation shows clear, explicit evidence of low/absent 'Graffiti appreciation' (or strong evidence of the opposite)."", ""2"": ""Conversation shows weak or partial evidence leaning toward low 'Graffiti appreciation'."", ""3"": ""Evidence is mixed, neutral, or too thin to lean either direction on 'Graffiti appreciation'."", ""4"": ""Conversation shows weak-to-moderate evidence leaning toward high 'Graffiti appreciation'."", ""5"": ""Conversation shows clear, explicit, repeated evidence of high 'Graffiti appreciation'.""}"
F0243,Preference for Home-Cooked vs Restaurant Meals,Preference for Home-Cooked vs Restaurant Meals,,,False,,personality_trait_or_disposition,True,low,False,,False,,1-5 ordinal,"{""1"": ""Conversation shows clear, explicit evidence of low/absent 'Preference for Home-Cooked vs Restaurant Meals' (or strong evidence of the opposite)."", ""2"": ""Conversation shows weak or partial evidence leaning toward low 'Preference for Home-Cooked vs Restaurant Meals'."", ""3"": ""Evidence is mixed, neutral, or too thin to lean either direction on 'Preference for Home-Cooked vs Restaurant Meals'."", ""4"": ""Conversation shows weak-to-moderate evidence leaning toward high 'Preference for Home-Cooked vs Restaurant Meals'."", ""5"": ""Conversation shows clear, explicit, repeated evidence of high 'Preference for Home-Cooked vs Restaurant Meals'.""}"
F0244,Immune-response age,Immune-response age,,,False,,medical_biological,False,high,False,requires_medical_lab_or_genetic_evidence,False,,1-5 ordinal,"{""1"": ""Conversation shows clear, explicit evidence of low/absent 'Immune-response age' (or strong evidence of the opposite)."", ""2"": ""Conversation shows weak or partial evidence leaning toward low 'Immune-response age'."", ""3"": ""Evidence is mixed, neutral, or too thin to lean either direction on 'Immune-response age'."", ""4"": ""Conversation shows weak-to-moderate evidence leaning toward high 'Immune-response age'."", ""5"": ""Conversation shows clear, explicit, repeated evidence of high 'Immune-response age'.""}"
F0245,Social-cognition variable: Cognitive Empathy,Social-cognition variable: Cognitive Empathy,,,False,,personality_trait_or_disposition,True,low,False,,False,,1-5 ordinal,"{""1"": ""Conversation shows clear, explicit evidence of low/absent 'Social-cognition variable: Cognitive Empathy' (or strong evidence of the opposite)."", ""2"": ""Conversation shows weak or partial evidence leaning toward low 'Social-cognition variable: Cognitive Empathy'."", ""3"": ""Evidence is mixed, neutral, or too thin to lean either direction on 'Social-cognition variable: Cognitive Empathy'."", ""4"": ""Conversation shows weak-to-moderate evidence leaning toward high 'Social-cognition variable: Cognitive Empathy'."", ""5"": ""Conversation shows clear, explicit, repeated evidence of high 'Social-cognition variable: Cognitive Empathy'.""}"
F0246,Kink-interest diversity,Kink-interest diversity,,,False,,sensitive_biographical,True,high,True,,False,,1-5 ordinal,"{""1"": ""Conversation shows clear, explicit evidence of low/absent 'Kink-interest diversity' (or strong evidence of the opposite)."", ""2"": ""Conversation shows weak or partial evidence leaning toward low 'Kink-interest diversity'."", ""3"": ""Evidence is mixed, neutral, or too thin to lean either direction on 'Kink-interest diversity'."", ""4"": ""Conversation shows weak-to-moderate evidence leaning toward high 'Kink-interest diversity'."", ""5"": ""Conversation shows clear, explicit, repeated evidence of high 'Kink-interest diversity'.""}"
F0247,Adaptability and Flexibility:,Adaptability and Flexibility,,stripped_trailing_colon,True,header_like_trailing_colon,header_artifact,False,n/a,False,not_a_scorable_facet_category_header,False,,,
F0248,Judging Consequences,Judging Consequences,,,False,,personality_trait_or_disposition,True,low,False,,False,,1-5 ordinal,"{""1"": ""Conversation shows clear, explicit evidence of low/absent 'Judging Consequences' (or strong evidence of the opposite)."", ""2"": ""Conversation shows weak or partial evidence leaning toward low 'Judging Consequences'."", ""3"": ""Evidence is mixed, neutral, or too thin to lean either direction on 'Judging Consequences'."", ""4"": ""Conversation shows weak-to-moderate evidence leaning toward high 'Judging Consequences'."", ""5"": ""Conversation shows clear, explicit, repeated evidence of high 'Judging Consequences'.""}"
F0249,Harmfulness,Harmfulness,,,False,,personality_trait_or_disposition,True,low,False,,False,,1-5 ordinal,"{""1"": ""Conversation shows clear, explicit evidence of low/absent 'Harmfulness' (or strong evidence of the opposite)."", ""2"": ""Conversation shows weak or partial evidence leaning toward low 'Harmfulness'."", ""3"": ""Evidence is mixed, neutral, or too thin to lean either direction on 'Harmfulness'."", ""4"": ""Conversation shows weak-to-moderate evidence leaning toward high 'Harmfulness'."", ""5"": ""Conversation shows clear, explicit, repeated evidence of high 'Harmfulness'.""}"
F0250,Affinity,Affinity,,,False,,personality_trait_or_disposition,True,low,False,,False,,1-5 ordinal,"{""1"": ""Conversation shows clear, explicit evidence of low/absent 'Affinity' (or strong evidence of the opposite)."", ""2"": ""Conversation shows weak or partial evidence leaning toward low 'Affinity'."", ""3"": ""Evidence is mixed, neutral, or too thin to lean either direction on 'Affinity'."", ""4"": ""Conversation shows weak-to-moderate evidence leaning toward high 'Affinity'."", ""5"": ""Conversation shows clear, explicit, repeated evidence of high 'Affinity'.""}"
F0251,Abasement,Abasement,,,False,,personality_trait_or_disposition,True,low,False,,False,,1-5 ordinal,"{""1"": ""Conversation shows clear, explicit evidence of low/absent 'Abasement' (or strong evidence of the opposite)."", ""2"": ""Conversation shows weak or partial evidence leaning toward low 'Abasement'."", ""3"": ""Evidence is mixed, neutral, or too thin to lean either direction on 'Abasement'."", ""4"": ""Conversation shows weak-to-moderate evidence leaning toward high 'Abasement'."", ""5"": ""Conversation shows clear, explicit, repeated evidence of high 'Abasement'.""}"
F0252,Chronic pain presence,Chronic pain presence,,,False,,clinical_psychological_scale,False,high,False,requires_validated_clinical_instrument_or_diagnosis,False,,1-5 ordinal,"{""1"": ""Conversation shows clear, explicit evidence of low/absent 'Chronic pain presence' (or strong evidence of the opposite)."", ""2"": ""Conversation shows weak or partial evidence leaning toward low 'Chronic pain presence'."", ""3"": ""Evidence is mixed, neutral, or too thin to lean either direction on 'Chronic pain presence'."", ""4"": ""Conversation shows weak-to-moderate evidence leaning toward high 'Chronic pain presence'."", ""5"": ""Conversation shows clear, explicit, repeated evidence of high 'Chronic pain presence'.""}"
F0253,520. Discernment practice hours / week,Discernment practice hours / week,520,stripped_leading_numeric_id,False,,behavioral_frequency_count,True,low,True,,False,,1-5 ordinal,"{""1"": ""Conversation shows clear, explicit evidence of low/absent 'Discernment practice hours / week' (or strong evidence of the opposite)."", ""2"": ""Conversation shows weak or partial evidence leaning toward low 'Discernment practice hours / week'."", ""3"": ""Evidence is mixed, neutral, or too thin to lean either direction on 'Discernment practice hours / week'."", ""4"": ""Conversation shows weak-to-moderate evidence leaning toward high 'Discernment practice hours / week'."", ""5"": ""Conversation shows clear, explicit, repeated evidence of high 'Discernment practice hours / week'.""}"
F0254,Initiative,Initiative,,,False,,personality_trait_or_disposition,True,low,False,,False,,1-5 ordinal,"{""1"": ""Conversation shows clear, explicit evidence of low/absent 'Initiative' (or strong evidence of the opposite)."", ""2"": ""Conversation shows weak or partial evidence leaning toward low 'Initiative'."", ""3"": ""Evidence is mixed, neutral, or too thin to lean either direction on 'Initiative'."", ""4"": ""Conversation shows weak-to-moderate evidence leaning toward high 'Initiative'."", ""5"": ""Conversation shows clear, explicit, repeated evidence of high 'Initiative'.""}"
F0255,Courageousness,Courageousness,,,False,,personality_trait_or_disposition,True,low,False,,False,,1-5 ordinal,"{""1"": ""Conversation shows clear, explicit evidence of low/absent 'Courageousness' (or strong evidence of the opposite)."", ""2"": ""Conversation shows weak or partial evidence leaning toward low 'Courageousness'."", ""3"": ""Evidence is mixed, neutral, or too thin to lean either direction on 'Courageousness'."", ""4"": ""Conversation shows weak-to-moderate evidence leaning toward high 'Courageousness'."", ""5"": ""Conversation shows clear, explicit, repeated evidence of high 'Courageousness'.""}"
F0256,Joyfulness,Joyfulness,,,False,,personality_trait_or_disposition,True,low,False,,False,,1-5 ordinal,"{""1"": ""Conversation shows clear, explicit evidence of low/absent 'Joyfulness' (or strong evidence of the opposite)."", ""2"": ""Conversation shows weak or partial evidence leaning toward low 'Joyfulness'."", ""3"": ""Evidence is mixed, neutral, or too thin to lean either direction on 'Joyfulness'."", ""4"": ""Conversation shows weak-to-moderate evidence leaning toward high 'Joyfulness'."", ""5"": ""Conversation shows clear, explicit, repeated evidence of high 'Joyfulness'.""}"
F0257,Suspicion,Suspicion,,,False,,personality_trait_or_disposition,True,low,False,,False,,1-5 ordinal,"{""1"": ""Conversation shows clear, explicit evidence of low/absent 'Suspicion' (or strong evidence of the opposite)."", ""2"": ""Conversation shows weak or partial evidence leaning toward low 'Suspicion'."", ""3"": ""Evidence is mixed, neutral, or too thin to lean either direction on 'Suspicion'."", ""4"": ""Conversation shows weak-to-moderate evidence leaning toward high 'Suspicion'."", ""5"": ""Conversation shows clear, explicit, repeated evidence of high 'Suspicion'.""}"
F0258,Basophil count,Basophil count,,,False,,medical_biological,False,high,False,requires_medical_lab_or_genetic_evidence,False,,1-5 ordinal,"{""1"": ""Conversation shows clear, explicit evidence of low/absent 'Basophil count' (or strong evidence of the opposite)."", ""2"": ""Conversation shows weak or partial evidence leaning toward low 'Basophil count'."", ""3"": ""Evidence is mixed, neutral, or too thin to lean either direction on 'Basophil count'."", ""4"": ""Conversation shows weak-to-moderate evidence leaning toward high 'Basophil count'."", ""5"": ""Conversation shows clear, explicit, repeated evidence of high 'Basophil count'.""}"
F0259,Attachment avoidance score,Attachment avoidance score,,,False,,personality_trait_or_disposition,True,low,False,,False,,1-5 ordinal,"{""1"": ""Conversation shows clear, explicit evidence of low/absent 'Attachment avoidance score' (or strong evidence of the opposite)."", ""2"": ""Conversation shows weak or partial evidence leaning toward low 'Attachment avoidance score'."", ""3"": ""Evidence is mixed, neutral, or too thin to lean either direction on 'Attachment avoidance score'."", ""4"": ""Conversation shows weak-to-moderate evidence leaning toward high 'Attachment avoidance score'."", ""5"": ""Conversation shows clear, explicit, repeated evidence of high 'Attachment avoidance score'.""}"
F0260,Time Orientation End Points:,Time Orientation End Points,,stripped_trailing_colon,True,header_like_trailing_colon,header_artifact,False,n/a,False,not_a_scorable_facet_category_header,False,,,
F0261,Brazenness,Brazenness,,,False,,personality_trait_or_disposition,True,low,False,,False,,1-5 ordinal,"{""1"": ""Conversation shows clear, explicit evidence of low/absent 'Brazenness' (or strong evidence of the opposite)."", ""2"": ""Conversation shows weak or partial evidence leaning toward low 'Brazenness'."", ""3"": ""Evidence is mixed, neutral, or too thin to lean either direction on 'Brazenness'."", ""4"": ""Conversation shows weak-to-moderate evidence leaning toward high 'Brazenness'."", ""5"": ""Conversation shows clear, explicit, repeated evidence of high 'Brazenness'.""}"
F0262,Talkativeness,Talkativeness,,,False,,personality_trait_or_disposition,True,low,False,,False,,1-5 ordinal,"{""1"": ""Conversation shows clear, explicit evidence of low/absent 'Talkativeness' (or strong evidence of the opposite)."", ""2"": ""Conversation shows weak or partial evidence leaning toward low 'Talkativeness'."", ""3"": ""Evidence is mixed, neutral, or too thin to lean either direction on 'Talkativeness'."", ""4"": ""Conversation shows weak-to-moderate evidence leaning toward high 'Talkativeness'."", ""5"": ""Conversation shows clear, explicit, repeated evidence of high 'Talkativeness'.""}"
F0263,Equitableness,Equitableness,,,False,,personality_trait_or_disposition,True,low,False,,False,,1-5 ordinal,"{""1"": ""Conversation shows clear, explicit evidence of low/absent 'Equitableness' (or strong evidence of the opposite)."", ""2"": ""Conversation shows weak or partial evidence leaning toward low 'Equitableness'."", ""3"": ""Evidence is mixed, neutral, or too thin to lean either direction on 'Equitableness'."", ""4"": ""Conversation shows weak-to-moderate evidence leaning toward high 'Equitableness'."", ""5"": ""Conversation shows clear, explicit, repeated evidence of high 'Equitableness'.""}"
F0264,Ideas generated/day,Ideas generated/day,,,False,,behavioral_frequency_count,True,low,True,,False,,1-5 ordinal,"{""1"": ""Conversation shows clear, explicit evidence of low/absent 'Ideas generated/day' (or strong evidence of the opposite)."", ""2"": ""Conversation shows weak or partial evidence leaning toward low 'Ideas generated/day'."", ""3"": ""Evidence is mixed, neutral, or too thin to lean either direction on 'Ideas generated/day'."", ""4"": ""Conversation shows weak-to-moderate evidence leaning toward high 'Ideas generated/day'."", ""5"": ""Conversation shows clear, explicit, repeated evidence of high 'Ideas generated/day'.""}"
F0265,Originality,Originality,,,False,,personality_trait_or_disposition,True,low,False,,False,,1-5 ordinal,"{""1"": ""Conversation shows clear, explicit evidence of low/absent 'Originality' (or strong evidence of the opposite)."", ""2"": ""Conversation shows weak or partial evidence leaning toward low 'Originality'."", ""3"": ""Evidence is mixed, neutral, or too thin to lean either direction on 'Originality'."", ""4"": ""Conversation shows weak-to-moderate evidence leaning toward high 'Originality'."", ""5"": ""Conversation shows clear, explicit, repeated evidence of high 'Originality'.""}"
F0266,Fearfulness: Fear of physical dangers,Fearfulness: Fear of physical dangers,,,False,,personality_trait_or_disposition,True,low,False,,False,,1-5 ordinal,"{""1"": ""Conversation shows clear, explicit evidence of low/absent 'Fearfulness: Fear of physical dangers' (or strong evidence of the opposite)."", ""2"": ""Conversation shows weak or partial evidence leaning toward low 'Fearfulness: Fear of physical dangers'."", ""3"": ""Evidence is mixed, neutral, or too thin to lean either direction on 'Fearfulness: Fear of physical dangers'."", ""4"": ""Conversation shows weak-to-moderate evidence leaning toward high 'Fearfulness: Fear of physical dangers'."", ""5"": ""Conversation shows clear, explicit, repeated evidence of high 'Fearfulness: Fear of physical dangers'.""}"
F0267,Dance rehearsal hours/week,Dance rehearsal hours/week,,,False,,behavioral_frequency_count,True,low,True,,False,,1-5 ordinal,"{""1"": ""Conversation shows clear, explicit evidence of low/absent 'Dance rehearsal hours/week' (or strong evidence of the opposite)."", ""2"": ""Conversation shows weak or partial evidence leaning toward low 'Dance rehearsal hours/week'."", ""3"": ""Evidence is mixed, neutral, or too thin to lean either direction on 'Dance rehearsal hours/week'."", ""4"": ""Conversation shows weak-to-moderate evidence leaning toward high 'Dance rehearsal hours/week'."", ""5"": ""Conversation shows clear, explicit, repeated evidence of high 'Dance rehearsal hours/week'.""}"
F0268,561. Practice frequency: Mantra meditation,Practice frequency: Mantra meditation,561,stripped_leading_numeric_id,False,,spiritual_religious_practice,True,medium,True,,False,,1-5 ordinal,"{""1"": ""Conversation shows clear, explicit evidence of low/absent 'Practice frequency: Mantra meditation' (or strong evidence of the opposite)."", ""2"": ""Conversation shows weak or partial evidence leaning toward low 'Practice frequency: Mantra meditation'."", ""3"": ""Evidence is mixed, neutral, or too thin to lean either direction on 'Practice frequency: Mantra meditation'."", ""4"": ""Conversation shows weak-to-moderate evidence leaning toward high 'Practice frequency: Mantra meditation'."", ""5"": ""Conversation shows clear, explicit, repeated evidence of high 'Practice frequency: Mantra meditation'.""}"
F0269,Public-transport km/week,Public-transport km/week,,,False,,behavioral_frequency_count,True,low,True,,False,,1-5 ordinal,"{""1"": ""Conversation shows clear, explicit evidence of low/absent 'Public-transport km/week' (or strong evidence of the opposite)."", ""2"": ""Conversation shows weak or partial evidence leaning toward low 'Public-transport km/week'."", ""3"": ""Evidence is mixed, neutral, or too thin to lean either direction on 'Public-transport km/week'."", ""4"": ""Conversation shows weak-to-moderate evidence leaning toward high 'Public-transport km/week'."", ""5"": ""Conversation shows clear, explicit, repeated evidence of high 'Public-transport km/week'.""}"
F0270,Social Desirability Bias,Social Desirability Bias,,,False,,personality_trait_or_disposition,True,low,False,,False,,1-5 ordinal,"{""1"": ""Conversation shows clear, explicit evidence of low/absent 'Social Desirability Bias' (or strong evidence of the opposite)."", ""2"": ""Conversation shows weak or partial evidence leaning toward low 'Social Desirability Bias'."", ""3"": ""Evidence is mixed, neutral, or too thin to lean either direction on 'Social Desirability Bias'."", ""4"": ""Conversation shows weak-to-moderate evidence leaning toward high 'Social Desirability Bias'."", ""5"": ""Conversation shows clear, explicit, repeated evidence of high 'Social Desirability Bias'.""}"
F0271,761. I Ching hexagram 43 resonance level,I Ching hexagram 43 resonance level,761,stripped_leading_numeric_id,False,,spiritual_religious_practice,True,medium,True,,False,,1-5 ordinal,"{""1"": ""Conversation shows clear, explicit evidence of low/absent 'I Ching hexagram 43 resonance level' (or strong evidence of the opposite)."", ""2"": ""Conversation shows weak or partial evidence leaning toward low 'I Ching hexagram 43 resonance level'."", ""3"": ""Evidence is mixed, neutral, or too thin to lean either direction on 'I Ching hexagram 43 resonance level'."", ""4"": ""Conversation shows weak-to-moderate evidence leaning toward high 'I Ching hexagram 43 resonance level'."", ""5"": ""Conversation shows clear, explicit, repeated evidence of high 'I Ching hexagram 43 resonance level'.""}"
F0272,Disagreeableness,Disagreeableness,,,False,,personality_trait_or_disposition,True,low,False,,False,,1-5 ordinal,"{""1"": ""Conversation shows clear, explicit evidence of low/absent 'Disagreeableness' (or strong evidence of the opposite)."", ""2"": ""Conversation shows weak or partial evidence leaning toward low 'Disagreeableness'."", ""3"": ""Evidence is mixed, neutral, or too thin to lean either direction on 'Disagreeableness'."", ""4"": ""Conversation shows weak-to-moderate evidence leaning toward high 'Disagreeableness'."", ""5"": ""Conversation shows clear, explicit, repeated evidence of high 'Disagreeableness'.""}"
F0273,Participation in Community Activities,Participation in Community Activities,,,False,,personality_trait_or_disposition,True,low,False,,False,,1-5 ordinal,"{""1"": ""Conversation shows clear, explicit evidence of low/absent 'Participation in Community Activities' (or strong evidence of the opposite)."", ""2"": ""Conversation shows weak or partial evidence leaning toward low 'Participation in Community Activities'."", ""3"": ""Evidence is mixed, neutral, or too thin to lean either direction on 'Participation in Community Activities'."", ""4"": ""Conversation shows weak-to-moderate evidence leaning toward high 'Participation in Community Activities'."", ""5"": ""Conversation shows clear, explicit, repeated evidence of high 'Participation in Community Activities'.""}"
F0274,Impudence,Impudence,,,False,,personality_trait_or_disposition,True,low,False,,False,,1-5 ordinal,"{""1"": ""Conversation shows clear, explicit evidence of low/absent 'Impudence' (or strong evidence of the opposite)."", ""2"": ""Conversation shows weak or partial evidence leaning toward low 'Impudence'."", ""3"": ""Evidence is mixed, neutral, or too thin to lean either direction on 'Impudence'."", ""4"": ""Conversation shows weak-to-moderate evidence leaning toward high 'Impudence'."", ""5"": ""Conversation shows clear, explicit, repeated evidence of high 'Impudence'.""}"
F0275,Analogies,Analogies,,,False,,cognitive_psychometric,False,medium,False,requires_formal_psychometric_testing,False,,1-5 ordinal,"{""1"": ""Conversation shows clear, explicit evidence of low/absent 'Analogies' (or strong evidence of the opposite)."", ""2"": ""Conversation shows weak or partial evidence leaning toward low 'Analogies'."", ""3"": ""Evidence is mixed, neutral, or too thin to lean either direction on 'Analogies'."", ""4"": ""Conversation shows weak-to-moderate evidence leaning toward high 'Analogies'."", ""5"": ""Conversation shows clear, explicit, repeated evidence of high 'Analogies'.""}"
F0276,Clumsiness,Clumsiness,,,False,,personality_trait_or_disposition,True,low,False,,False,,1-5 ordinal,"{""1"": ""Conversation shows clear, explicit evidence of low/absent 'Clumsiness' (or strong evidence of the opposite)."", ""2"": ""Conversation shows weak or partial evidence leaning toward low 'Clumsiness'."", ""3"": ""Evidence is mixed, neutral, or too thin to lean either direction on 'Clumsiness'."", ""4"": ""Conversation shows weak-to-moderate evidence leaning toward high 'Clumsiness'."", ""5"": ""Conversation shows clear, explicit, repeated evidence of high 'Clumsiness'.""}"
F0277,Tendency Toward Compromise or Confrontation,Tendency Toward Compromise or Confrontation,,,False,,personality_trait_or_disposition,True,low,False,,False,,1-5 ordinal,"{""1"": ""Conversation shows clear, explicit evidence of low/absent 'Tendency Toward Compromise or Confrontation' (or strong evidence of the opposite)."", ""2"": ""Conversation shows weak or partial evidence leaning toward low 'Tendency Toward Compromise or Confrontation'."", ""3"": ""Evidence is mixed, neutral, or too thin to lean either direction on 'Tendency Toward Compromise or Confrontation'."", ""4"": ""Conversation shows weak-to-moderate evidence leaning toward high 'Tendency Toward Compromise or Confrontation'."", ""5"": ""Conversation shows clear, explicit, repeated evidence of high 'Tendency Toward Compromise or Confrontation'.""}"
F0278,737. I Ching hexagram 19 resonance level,I Ching hexagram 19 resonance level,737,stripped_leading_numeric_id,False,,spiritual_religious_practice,True,medium,True,,False,,1-5 ordinal,"{""1"": ""Conversation shows clear, explicit evidence of low/absent 'I Ching hexagram 19 resonance level' (or strong evidence of the opposite)."", ""2"": ""Conversation shows weak or partial evidence leaning toward low 'I Ching hexagram 19 resonance level'."", ""3"": ""Evidence is mixed, neutral, or too thin to lean either direction on 'I Ching hexagram 19 resonance level'."", ""4"": ""Conversation shows weak-to-moderate evidence leaning toward high 'I Ching hexagram 19 resonance level'."", ""5"": ""Conversation shows clear, explicit, repeated evidence of high 'I Ching hexagram 19 resonance level'.""}"
F0279,Robotics-interaction frequency,Robotics-interaction frequency,,,False,,behavioral_frequency_count,True,low,True,,False,,1-5 ordinal,"{""1"": ""Conversation shows clear, explicit evidence of low/absent 'Robotics-interaction frequency' (or strong evidence of the opposite)."", ""2"": ""Conversation shows weak or partial evidence leaning toward low 'Robotics-interaction frequency'."", ""3"": ""Evidence is mixed, neutral, or too thin to lean either direction on 'Robotics-interaction frequency'."", ""4"": ""Conversation shows weak-to-moderate evidence leaning toward high 'Robotics-interaction frequency'."", ""5"": ""Conversation shows clear, explicit, repeated evidence of high 'Robotics-interaction frequency'.""}"
F0280,Casual lifestyle,Casual lifestyle,,,False,,personality_trait_or_disposition,True,low,False,,False,,1-5 ordinal,"{""1"": ""Conversation shows clear, explicit evidence of low/absent 'Casual lifestyle' (or strong evidence of the opposite)."", ""2"": ""Conversation shows weak or partial evidence leaning toward low 'Casual lifestyle'."", ""3"": ""Evidence is mixed, neutral, or too thin to lean either direction on 'Casual lifestyle'."", ""4"": ""Conversation shows weak-to-moderate evidence leaning toward high 'Casual lifestyle'."", ""5"": ""Conversation shows clear, explicit, repeated evidence of high 'Casual lifestyle'.""}"
F0281,Collectedness,Collectedness,,,False,,personality_trait_or_disposition,True,low,False,,False,,1-5 ordinal,"{""1"": ""Conversation shows clear, explicit evidence of low/absent 'Collectedness' (or strong evidence of the opposite)."", ""2"": ""Conversation shows weak or partial evidence leaning toward low 'Collectedness'."", ""3"": ""Evidence is mixed, neutral, or too thin to lean either direction on 'Collectedness'."", ""4"": ""Conversation shows weak-to-moderate evidence leaning toward high 'Collectedness'."", ""5"": ""Conversation shows clear, explicit, repeated evidence of high 'Collectedness'.""}"
F0282,Reliance on context,Reliance on context,,,False,,personality_trait_or_disposition,True,low,False,,False,,1-5 ordinal,"{""1"": ""Conversation shows clear, explicit evidence of low/absent 'Reliance on context' (or strong evidence of the opposite)."", ""2"": ""Conversation shows weak or partial evidence leaning toward low 'Reliance on context'."", ""3"": ""Evidence is mixed, neutral, or too thin to lean either direction on 'Reliance on context'."", ""4"": ""Conversation shows weak-to-moderate evidence leaning toward high 'Reliance on context'."", ""5"": ""Conversation shows clear, explicit, repeated evidence of high 'Reliance on context'.""}"
F0283,Delegation skills,Delegation skills,,,False,,personality_trait_or_disposition,True,low,False,,False,,1-5 ordinal,"{""1"": ""Conversation shows clear, explicit evidence of low/absent 'Delegation skills' (or strong evidence of the opposite)."", ""2"": ""Conversation shows weak or partial evidence leaning toward low 'Delegation skills'."", ""3"": ""Evidence is mixed, neutral, or too thin to lean either direction on 'Delegation skills'."", ""4"": ""Conversation shows weak-to-moderate evidence leaning toward high 'Delegation skills'."", ""5"": ""Conversation shows clear, explicit, repeated evidence of high 'Delegation skills'.""}"
F0284,767. I Ching hexagram 49 resonance level,I Ching hexagram 49 resonance level,767,stripped_leading_numeric_id,False,,spiritual_religious_practice,True,medium,True,,False,,1-5 ordinal,"{""1"": ""Conversation shows clear, explicit evidence of low/absent 'I Ching hexagram 49 resonance level' (or strong evidence of the opposite)."", ""2"": ""Conversation shows weak or partial evidence leaning toward low 'I Ching hexagram 49 resonance level'."", ""3"": ""Evidence is mixed, neutral, or too thin to lean either direction on 'I Ching hexagram 49 resonance level'."", ""4"": ""Conversation shows weak-to-moderate evidence leaning toward high 'I Ching hexagram 49 resonance level'."", ""5"": ""Conversation shows clear, explicit, repeated evidence of high 'I Ching hexagram 49 resonance level'.""}"
F0285,Managing emotions,Managing emotions,,,False,,personality_trait_or_disposition,True,low,False,,False,,1-5 ordinal,"{""1"": ""Conversation shows clear, explicit evidence of low/absent 'Managing emotions' (or strong evidence of the opposite)."", ""2"": ""Conversation shows weak or partial evidence leaning toward low 'Managing emotions'."", ""3"": ""Evidence is mixed, neutral, or too thin to lean either direction on 'Managing emotions'."", ""4"": ""Conversation shows weak-to-moderate evidence leaning toward high 'Managing emotions'."", ""5"": ""Conversation shows clear, explicit, repeated evidence of high 'Managing emotions'.""}"
F0286,Scripture memorization verses,Scripture memorization verses,,,False,,spiritual_religious_practice,True,medium,True,,False,,1-5 ordinal,"{""1"": ""Conversation shows clear, explicit evidence of low/absent 'Scripture memorization verses' (or strong evidence of the opposite)."", ""2"": ""Conversation shows weak or partial evidence leaning toward low 'Scripture memorization verses'."", ""3"": ""Evidence is mixed, neutral, or too thin to lean either direction on 'Scripture memorization verses'."", ""4"": ""Conversation shows weak-to-moderate evidence leaning toward high 'Scripture memorization verses'."", ""5"": ""Conversation shows clear, explicit, repeated evidence of high 'Scripture memorization verses'.""}"
F0287,Conventional,Conventional,,,False,,personality_trait_or_disposition,True,low,False,,False,,1-5 ordinal,"{""1"": ""Conversation shows clear, explicit evidence of low/absent 'Conventional' (or strong evidence of the opposite)."", ""2"": ""Conversation shows weak or partial evidence leaning toward low 'Conventional'."", ""3"": ""Evidence is mixed, neutral, or too thin to lean either direction on 'Conventional'."", ""4"": ""Conversation shows weak-to-moderate evidence leaning toward high 'Conventional'."", ""5"": ""Conversation shows clear, explicit, repeated evidence of high 'Conventional'.""}"
F0288,890. Hindu spiritual metric: Bhagavad-Gita study hours,Hindu spiritual metric: Bhagavad-Gita study hours,890,stripped_leading_numeric_id,False,,spiritual_religious_practice,True,medium,True,,False,,1-5 ordinal,"{""1"": ""Conversation shows clear, explicit evidence of low/absent 'Hindu spiritual metric: Bhagavad-Gita study hours' (or strong evidence of the opposite)."", ""2"": ""Conversation shows weak or partial evidence leaning toward low 'Hindu spiritual metric: Bhagavad-Gita study hours'."", ""3"": ""Evidence is mixed, neutral, or too thin to lean either direction on 'Hindu spiritual metric: Bhagavad-Gita study hours'."", ""4"": ""Conversation shows weak-to-moderate evidence leaning toward high 'Hindu spiritual metric: Bhagavad-Gita study hours'."", ""5"": ""Conversation shows clear, explicit, repeated evidence of high 'Hindu spiritual metric: Bhagavad-Gita study hours'.""}"
F0289,Open-source contributions,Open-source contributions,,,False,,personality_trait_or_disposition,True,low,False,,False,,1-5 ordinal,"{""1"": ""Conversation shows clear, explicit evidence of low/absent 'Open-source contributions' (or strong evidence of the opposite)."", ""2"": ""Conversation shows weak or partial evidence leaning toward low 'Open-source contributions'."", ""3"": ""Evidence is mixed, neutral, or too thin to lean either direction on 'Open-source contributions'."", ""4"": ""Conversation shows weak-to-moderate evidence leaning toward high 'Open-source contributions'."", ""5"": ""Conversation shows clear, explicit, repeated evidence of high 'Open-source contributions'.""}"
F0290,Psychological construct: Social Conformity tendency,Psychological construct: Social Conformity tendency,,,False,,personality_trait_or_disposition,True,low,False,,False,,1-5 ordinal,"{""1"": ""Conversation shows clear, explicit evidence of low/absent 'Psychological construct: Social Conformity tendency' (or strong evidence of the opposite)."", ""2"": ""Conversation shows weak or partial evidence leaning toward low 'Psychological construct: Social Conformity tendency'."", ""3"": ""Evidence is mixed, neutral, or too thin to lean either direction on 'Psychological construct: Social Conformity tendency'."", ""4"": ""Conversation shows weak-to-moderate evidence leaning toward high 'Psychological construct: Social Conformity tendency'."", ""5"": ""Conversation shows clear, explicit, repeated evidence of high 'Psychological construct: Social Conformity tendency'.""}"
F0291,Individuality,Individuality,,,False,,personality_trait_or_disposition,True,low,False,,False,,1-5 ordinal,"{""1"": ""Conversation shows clear, explicit evidence of low/absent 'Individuality' (or strong evidence of the opposite)."", ""2"": ""Conversation shows weak or partial evidence leaning toward low 'Individuality'."", ""3"": ""Evidence is mixed, neutral, or too thin to lean either direction on 'Individuality'."", ""4"": ""Conversation shows weak-to-moderate evidence leaning toward high 'Individuality'."", ""5"": ""Conversation shows clear, explicit, repeated evidence of high 'Individuality'.""}"
F0292,740. I Ching hexagram 22 resonance level,I Ching hexagram 22 resonance level,740,stripped_leading_numeric_id,False,,spiritual_religious_practice,True,medium,True,,False,,1-5 ordinal,"{""1"": ""Conversation shows clear, explicit evidence of low/absent 'I Ching hexagram 22 resonance level' (or strong evidence of the opposite)."", ""2"": ""Conversation shows weak or partial evidence leaning toward low 'I Ching hexagram 22 resonance level'."", ""3"": ""Evidence is mixed, neutral, or too thin to lean either direction on 'I Ching hexagram 22 resonance level'."", ""4"": ""Conversation shows weak-to-moderate evidence leaning toward high 'I Ching hexagram 22 resonance level'."", ""5"": ""Conversation shows clear, explicit, repeated evidence of high 'I Ching hexagram 22 resonance level'.""}"
F0293,Attachment style: Secure,Attachment style: Secure,,,False,,personality_trait_or_disposition,True,low,False,,False,,1-5 ordinal,"{""1"": ""Conversation shows clear, explicit evidence of low/absent 'Attachment style: Secure' (or strong evidence of the opposite)."", ""2"": ""Conversation shows weak or partial evidence leaning toward low 'Attachment style: Secure'."", ""3"": ""Evidence is mixed, neutral, or too thin to lean either direction on 'Attachment style: Secure'."", ""4"": ""Conversation shows weak-to-moderate evidence leaning toward high 'Attachment style: Secure'."", ""5"": ""Conversation shows clear, explicit, repeated evidence of high 'Attachment style: Secure'.""}"
F0294,Intelligence Quotient (IQ),Intelligence Quotient (IQ),,,False,,cognitive_psychometric,False,medium,False,requires_formal_psychometric_testing,False,,1-5 ordinal,"{""1"": ""Conversation shows clear, explicit evidence of low/absent 'Intelligence Quotient (IQ)' (or strong evidence of the opposite)."", ""2"": ""Conversation shows weak or partial evidence leaning toward low 'Intelligence Quotient (IQ)'."", ""3"": ""Evidence is mixed, neutral, or too thin to lean either direction on 'Intelligence Quotient (IQ)'."", ""4"": ""Conversation shows weak-to-moderate evidence leaning toward high 'Intelligence Quotient (IQ)'."", ""5"": ""Conversation shows clear, explicit, repeated evidence of high 'Intelligence Quotient (IQ)'.""}"
F0295,Blog-subscriber count,Blog-subscriber count,,,False,,behavioral_frequency_count,True,low,True,,False,,1-5 ordinal,"{""1"": ""Conversation shows clear, explicit evidence of low/absent 'Blog-subscriber count' (or strong evidence of the opposite)."", ""2"": ""Conversation shows weak or partial evidence leaning toward low 'Blog-subscriber count'."", ""3"": ""Evidence is mixed, neutral, or too thin to lean either direction on 'Blog-subscriber count'."", ""4"": ""Conversation shows weak-to-moderate evidence leaning toward high 'Blog-subscriber count'."", ""5"": ""Conversation shows clear, explicit, repeated evidence of high 'Blog-subscriber count'.""}"
F0296,Non-Verbal Communication Skills,Non-Verbal Communication Skills,,,False,,personality_trait_or_disposition,True,low,False,,False,,1-5 ordinal,"{""1"": ""Conversation shows clear, explicit evidence of low/absent 'Non-Verbal Communication Skills' (or strong evidence of the opposite)."", ""2"": ""Conversation shows weak or partial evidence leaning toward low 'Non-Verbal Communication Skills'."", ""3"": ""Evidence is mixed, neutral, or too thin to lean either direction on 'Non-Verbal Communication Skills'."", ""4"": ""Conversation shows weak-to-moderate evidence leaning toward high 'Non-Verbal Communication Skills'."", ""5"": ""Conversation shows clear, explicit, repeated evidence of high 'Non-Verbal Communication Skills'.""}"
F0297,Drug-use history,Drug-use history,,,False,,sensitive_biographical,True,high,True,,False,,1-5 ordinal,"{""1"": ""Conversation shows clear, explicit evidence of low/absent 'Drug-use history' (or strong evidence of the opposite)."", ""2"": ""Conversation shows weak or partial evidence leaning toward low 'Drug-use history'."", ""3"": ""Evidence is mixed, neutral, or too thin to lean either direction on 'Drug-use history'."", ""4"": ""Conversation shows weak-to-moderate evidence leaning toward high 'Drug-use history'."", ""5"": ""Conversation shows clear, explicit, repeated evidence of high 'Drug-use history'.""}"
F0298,Commute time/day,Commute time/day,,,False,,behavioral_frequency_count,True,low,True,,False,,1-5 ordinal,"{""1"": ""Conversation shows clear, explicit evidence of low/absent 'Commute time/day' (or strong evidence of the opposite)."", ""2"": ""Conversation shows weak or partial evidence leaning toward low 'Commute time/day'."", ""3"": ""Evidence is mixed, neutral, or too thin to lean either direction on 'Commute time/day'."", ""4"": ""Conversation shows weak-to-moderate evidence leaning toward high 'Commute time/day'."", ""5"": ""Conversation shows clear, explicit, repeated evidence of high 'Commute time/day'.""}"
F0299,Decision-making speed,Decision-making speed,,,False,,personality_trait_or_disposition,True,low,False,,False,,1-5 ordinal,"{""1"": ""Conversation shows clear, explicit evidence of low/absent 'Decision-making speed' (or strong evidence of the opposite)."", ""2"": ""Conversation shows weak or partial evidence leaning toward low 'Decision-making speed'."", ""3"": ""Evidence is mixed, neutral, or too thin to lean either direction on 'Decision-making speed'."", ""4"": ""Conversation shows weak-to-moderate evidence leaning toward high 'Decision-making speed'."", ""5"": ""Conversation shows clear, explicit, repeated evidence of high 'Decision-making speed'.""}"
F0300,Psychological construct: Excuse-Making tendency,Psychological construct: Excuse-Making tendency,,,False,,personality_trait_or_disposition,True,low,False,,False,,1-5 ordinal,"{""1"": ""Conversation shows clear, explicit evidence of low/absent 'Psychological construct: Excuse-Making tendency' (or strong evidence of the opposite)."", ""2"": ""Conversation shows weak or partial evidence leaning toward low 'Psychological construct: Excuse-Making tendency'."", ""3"": ""Evidence is mixed, neutral, or too thin to lean either direction on 'Psychological construct: Excuse-Making tendency'."", ""4"": ""Conversation shows weak-to-moderate evidence leaning toward high 'Psychological construct: Excuse-Making tendency'."", ""5"": ""Conversation shows clear, explicit, repeated evidence of high 'Psychological construct: Excuse-Making tendency'.""}"
F0301,Peer-to-peer lending usage,Peer-to-peer lending usage,,,False,,personality_trait_or_disposition,True,low,False,,False,,1-5 ordinal,"{""1"": ""Conversation shows clear, explicit evidence of low/absent 'Peer-to-peer lending usage' (or strong evidence of the opposite)."", ""2"": ""Conversation shows weak or partial evidence leaning toward low 'Peer-to-peer lending usage'."", ""3"": ""Evidence is mixed, neutral, or too thin to lean either direction on 'Peer-to-peer lending usage'."", ""4"": ""Conversation shows weak-to-moderate evidence leaning toward high 'Peer-to-peer lending usage'."", ""5"": ""Conversation shows clear, explicit, repeated evidence of high 'Peer-to-peer lending usage'.""}"
F0302,Psychological construct: Eye-Contact avoidance score,Psychological construct: Eye-Contact avoidance score,,,False,,personality_trait_or_disposition,True,low,False,,False,,1-5 ordinal,"{""1"": ""Conversation shows clear, explicit evidence of low/absent 'Psychological construct: Eye-Contact avoidance score' (or strong evidence of the opposite)."", ""2"": ""Conversation shows weak or partial evidence leaning toward low 'Psychological construct: Eye-Contact avoidance score'."", ""3"": ""Evidence is mixed, neutral, or too thin to lean either direction on 'Psychological construct: Eye-Contact avoidance score'."", ""4"": ""Conversation shows weak-to-moderate evidence leaning toward high 'Psychological construct: Eye-Contact avoidance score'."", ""5"": ""Conversation shows clear, explicit, repeated evidence of high 'Psychological construct: Eye-Contact avoidance score'.""}"
F0303,Social-cognition variable: Faux Pas Recognition accuracy,Social-cognition variable: Faux Pas Recognition accuracy,,,False,,personality_trait_or_disposition,True,low,False,,False,,1-5 ordinal,"{""1"": ""Conversation shows clear, explicit evidence of low/absent 'Social-cognition variable: Faux Pas Recognition accuracy' (or strong evidence of the opposite)."", ""2"": ""Conversation shows weak or partial evidence leaning toward low 'Social-cognition variable: Faux Pas Recognition accuracy'."", ""3"": ""Evidence is mixed, neutral, or too thin to lean either direction on 'Social-cognition variable: Faux Pas Recognition accuracy'."", ""4"": ""Conversation shows weak-to-moderate evidence leaning toward high 'Social-cognition variable: Faux Pas Recognition accuracy'."", ""5"": ""Conversation shows clear, explicit, repeated evidence of high 'Social-cognition variable: Faux Pas Recognition accuracy'.""}"
F0304,Conscientiousness (C):,Conscientiousness (C),,stripped_trailing_colon,True,header_like_trailing_colon,header_artifact,False,n/a,False,not_a_scorable_facet_category_header,False,,,
F0305,Use of Nature as a Stress Reliever,Use of Nature as a Stress Reliever,,,False,,personality_trait_or_disposition,True,low,False,,False,,1-5 ordinal,"{""1"": ""Conversation shows clear, explicit evidence of low/absent 'Use of Nature as a Stress Reliever' (or strong evidence of the opposite)."", ""2"": ""Conversation shows weak or partial evidence leaning toward low 'Use of Nature as a Stress Reliever'."", ""3"": ""Evidence is mixed, neutral, or too thin to lean either direction on 'Use of Nature as a Stress Reliever'."", ""4"": ""Conversation shows weak-to-moderate evidence leaning toward high 'Use of Nature as a Stress Reliever'."", ""5"": ""Conversation shows clear, explicit, repeated evidence of high 'Use of Nature as a Stress Reliever'.""}"
F0306,Attitude toward learning,Attitude toward learning,,,False,,personality_trait_or_disposition,True,low,False,,False,,1-5 ordinal,"{""1"": ""Conversation shows clear, explicit evidence of low/absent 'Attitude toward learning' (or strong evidence of the opposite)."", ""2"": ""Conversation shows weak or partial evidence leaning toward low 'Attitude toward learning'."", ""3"": ""Evidence is mixed, neutral, or too thin to lean either direction on 'Attitude toward learning'."", ""4"": ""Conversation shows weak-to-moderate evidence leaning toward high 'Attitude toward learning'."", ""5"": ""Conversation shows clear, explicit, repeated evidence of high 'Attitude toward learning'.""}"
F0307,Conscientiousness Facets:,Conscientiousness Facets,,stripped_trailing_colon,True,header_like_trailing_colon,header_artifact,False,n/a,False,not_a_scorable_facet_category_header,False,,,
F0308,Honesty-humility trait score,Honesty-humility trait score,,,False,,personality_trait_or_disposition,True,low,False,,False,,1-5 ordinal,"{""1"": ""Conversation shows clear, explicit evidence of low/absent 'Honesty-humility trait score' (or strong evidence of the opposite)."", ""2"": ""Conversation shows weak or partial evidence leaning toward low 'Honesty-humility trait score'."", ""3"": ""Evidence is mixed, neutral, or too thin to lean either direction on 'Honesty-humility trait score'."", ""4"": ""Conversation shows weak-to-moderate evidence leaning toward high 'Honesty-humility trait score'."", ""5"": ""Conversation shows clear, explicit, repeated evidence of high 'Honesty-humility trait score'.""}"
F0309,Digital-nomad months,Digital-nomad months,,,False,,personality_trait_or_disposition,True,low,False,,False,,1-5 ordinal,"{""1"": ""Conversation shows clear, explicit evidence of low/absent 'Digital-nomad months' (or strong evidence of the opposite)."", ""2"": ""Conversation shows weak or partial evidence leaning toward low 'Digital-nomad months'."", ""3"": ""Evidence is mixed, neutral, or too thin to lean either direction on 'Digital-nomad months'."", ""4"": ""Conversation shows weak-to-moderate evidence leaning toward high 'Digital-nomad months'."", ""5"": ""Conversation shows clear, explicit, repeated evidence of high 'Digital-nomad months'.""}"
F0310,516. Religious coping – Negative,Religious coping – Negative,516,stripped_leading_numeric_id,False,,spiritual_religious_practice,True,medium,True,,False,,1-5 ordinal,"{""1"": ""Conversation shows clear, explicit evidence of low/absent 'Religious coping – Negative' (or strong evidence of the opposite)."", ""2"": ""Conversation shows weak or partial evidence leaning toward low 'Religious coping – Negative'."", ""3"": ""Evidence is mixed, neutral, or too thin to lean either direction on 'Religious coping – Negative'."", ""4"": ""Conversation shows weak-to-moderate evidence leaning toward high 'Religious coping – Negative'."", ""5"": ""Conversation shows clear, explicit, repeated evidence of high 'Religious coping – Negative'.""}"
F0311,Snacking Behavior,Snacking Behavior,,,False,,personality_trait_or_disposition,True,low,False,,False,,1-5 ordinal,"{""1"": ""Conversation shows clear, explicit evidence of low/absent 'Snacking Behavior' (or strong evidence of the opposite)."", ""2"": ""Conversation shows weak or partial evidence leaning toward low 'Snacking Behavior'."", ""3"": ""Evidence is mixed, neutral, or too thin to lean either direction on 'Snacking Behavior'."", ""4"": ""Conversation shows weak-to-moderate evidence leaning toward high 'Snacking Behavior'."", ""5"": ""Conversation shows clear, explicit, repeated evidence of high 'Snacking Behavior'.""}"
F0312,Aura-color perception,Aura-color perception,,,False,,personality_trait_or_disposition,True,low,False,,False,,1-5 ordinal,"{""1"": ""Conversation shows clear, explicit evidence of low/absent 'Aura-color perception' (or strong evidence of the opposite)."", ""2"": ""Conversation shows weak or partial evidence leaning toward low 'Aura-color perception'."", ""3"": ""Evidence is mixed, neutral, or too thin to lean either direction on 'Aura-color perception'."", ""4"": ""Conversation shows weak-to-moderate evidence leaning toward high 'Aura-color perception'."", ""5"": ""Conversation shows clear, explicit, repeated evidence of high 'Aura-color perception'.""}"
F0313,638. Sacred text engagement: Zohar (Kabbalah) study hours,Sacred text engagement: Zohar (Kabbalah) study hours,638,stripped_leading_numeric_id,False,,spiritual_religious_practice,True,medium,True,,False,,1-5 ordinal,"{""1"": ""Conversation shows clear, explicit evidence of low/absent 'Sacred text engagement: Zohar (Kabbalah) study hours' (or strong evidence of the opposite)."", ""2"": ""Conversation shows weak or partial evidence leaning toward low 'Sacred text engagement: Zohar (Kabbalah) study hours'."", ""3"": ""Evidence is mixed, neutral, or too thin to lean either direction on 'Sacred text engagement: Zohar (Kabbalah) study hours'."", ""4"": ""Conversation shows weak-to-moderate evidence leaning toward high 'Sacred text engagement: Zohar (Kabbalah) study hours'."", ""5"": ""Conversation shows clear, explicit, repeated evidence of high 'Sacred text engagement: Zohar (Kabbalah) study hours'.""}"
F0314,Motivational Drivers:,Motivational Drivers,,stripped_trailing_colon,True,header_like_trailing_colon,header_artifact,False,n/a,False,not_a_scorable_facet_category_header,False,,,
F0315,Cloud-backup frequency,Cloud-backup frequency,,,False,,behavioral_frequency_count,True,low,True,,False,,1-5 ordinal,"{""1"": ""Conversation shows clear, explicit evidence of low/absent 'Cloud-backup frequency' (or strong evidence of the opposite)."", ""2"": ""Conversation shows weak or partial evidence leaning toward low 'Cloud-backup frequency'."", ""3"": ""Evidence is mixed, neutral, or too thin to lean either direction on 'Cloud-backup frequency'."", ""4"": ""Conversation shows weak-to-moderate evidence leaning toward high 'Cloud-backup frequency'."", ""5"": ""Conversation shows clear, explicit, repeated evidence of high 'Cloud-backup frequency'.""}"
F0316,Learning Style,Learning Style,,,False,,personality_trait_or_disposition,True,low,False,,False,,1-5 ordinal,"{""1"": ""Conversation shows clear, explicit evidence of low/absent 'Learning Style' (or strong evidence of the opposite)."", ""2"": ""Conversation shows weak or partial evidence leaning toward low 'Learning Style'."", ""3"": ""Evidence is mixed, neutral, or too thin to lean either direction on 'Learning Style'."", ""4"": ""Conversation shows weak-to-moderate evidence leaning toward high 'Learning Style'."", ""5"": ""Conversation shows clear, explicit, repeated evidence of high 'Learning Style'.""}"
F0317,872. Islamic practice: Seerah study hours,Islamic practice: Seerah study hours,872,stripped_leading_numeric_id,False,,spiritual_religious_practice,True,medium,True,,False,,1-5 ordinal,"{""1"": ""Conversation shows clear, explicit evidence of low/absent 'Islamic practice: Seerah study hours' (or strong evidence of the opposite)."", ""2"": ""Conversation shows weak or partial evidence leaning toward low 'Islamic practice: Seerah study hours'."", ""3"": ""Evidence is mixed, neutral, or too thin to lean either direction on 'Islamic practice: Seerah study hours'."", ""4"": ""Conversation shows weak-to-moderate evidence leaning toward high 'Islamic practice: Seerah study hours'."", ""5"": ""Conversation shows clear, explicit, repeated evidence of high 'Islamic practice: Seerah study hours'.""}"
F0318,Safety compliance,Safety compliance,,,False,,personality_trait_or_disposition,True,low,False,,False,,1-5 ordinal,"{""1"": ""Conversation shows clear, explicit evidence of low/absent 'Safety compliance' (or strong evidence of the opposite)."", ""2"": ""Conversation shows weak or partial evidence leaning toward low 'Safety compliance'."", ""3"": ""Evidence is mixed, neutral, or too thin to lean either direction on 'Safety compliance'."", ""4"": ""Conversation shows weak-to-moderate evidence leaning toward high 'Safety compliance'."", ""5"": ""Conversation shows clear, explicit, repeated evidence of high 'Safety compliance'.""}"
F0319,Sensationalism,Sensationalism,,,False,,personality_trait_or_disposition,True,low,False,,False,,1-5 ordinal,"{""1"": ""Conversation shows clear, explicit evidence of low/absent 'Sensationalism' (or strong evidence of the opposite)."", ""2"": ""Conversation shows weak or partial evidence leaning toward low 'Sensationalism'."", ""3"": ""Evidence is mixed, neutral, or too thin to lean either direction on 'Sensationalism'."", ""4"": ""Conversation shows weak-to-moderate evidence leaning toward high 'Sensationalism'."", ""5"": ""Conversation shows clear, explicit, repeated evidence of high 'Sensationalism'.""}"
F0320,Nationality,Nationality,,,False,,sensitive_biographical,True,high,True,,False,,1-5 ordinal,"{""1"": ""Conversation shows clear, explicit evidence of low/absent 'Nationality' (or strong evidence of the opposite)."", ""2"": ""Conversation shows weak or partial evidence leaning toward low 'Nationality'."", ""3"": ""Evidence is mixed, neutral, or too thin to lean either direction on 'Nationality'."", ""4"": ""Conversation shows weak-to-moderate evidence leaning toward high 'Nationality'."", ""5"": ""Conversation shows clear, explicit, repeated evidence of high 'Nationality'.""}"
F0321,Drollness,Drollness,,,False,,personality_trait_or_disposition,True,low,False,,False,,1-5 ordinal,"{""1"": ""Conversation shows clear, explicit evidence of low/absent 'Drollness' (or strong evidence of the opposite)."", ""2"": ""Conversation shows weak or partial evidence leaning toward low 'Drollness'."", ""3"": ""Evidence is mixed, neutral, or too thin to lean either direction on 'Drollness'."", ""4"": ""Conversation shows weak-to-moderate evidence leaning toward high 'Drollness'."", ""5"": ""Conversation shows clear, explicit, repeated evidence of high 'Drollness'.""}"
F0322,Cooperation,Cooperation,,,False,,personality_trait_or_disposition,True,low,False,,False,,1-5 ordinal,"{""1"": ""Conversation shows clear, explicit evidence of low/absent 'Cooperation' (or strong evidence of the opposite)."", ""2"": ""Conversation shows weak or partial evidence leaning toward low 'Cooperation'."", ""3"": ""Evidence is mixed, neutral, or too thin to lean either direction on 'Cooperation'."", ""4"": ""Conversation shows weak-to-moderate evidence leaning toward high 'Cooperation'."", ""5"": ""Conversation shows clear, explicit, repeated evidence of high 'Cooperation'.""}"
F0323,Breakfast-skipping frequency,Breakfast-skipping frequency,,,False,,behavioral_frequency_count,True,low,True,,False,,1-5 ordinal,"{""1"": ""Conversation shows clear, explicit evidence of low/absent 'Breakfast-skipping frequency' (or strong evidence of the opposite)."", ""2"": ""Conversation shows weak or partial evidence leaning toward low 'Breakfast-skipping frequency'."", ""3"": ""Evidence is mixed, neutral, or too thin to lean either direction on 'Breakfast-skipping frequency'."", ""4"": ""Conversation shows weak-to-moderate evidence leaning toward high 'Breakfast-skipping frequency'."", ""5"": ""Conversation shows clear, explicit, repeated evidence of high 'Breakfast-skipping frequency'.""}"
F0324,922. Sikh spiritual metric: Kirtan participation frequency,Sikh spiritual metric: Kirtan participation frequency,922,stripped_leading_numeric_id,False,,spiritual_religious_practice,True,medium,True,,False,,1-5 ordinal,"{""1"": ""Conversation shows clear, explicit evidence of low/absent 'Sikh spiritual metric: Kirtan participation frequency' (or strong evidence of the opposite)."", ""2"": ""Conversation shows weak or partial evidence leaning toward low 'Sikh spiritual metric: Kirtan participation frequency'."", ""3"": ""Evidence is mixed, neutral, or too thin to lean either direction on 'Sikh spiritual metric: Kirtan participation frequency'."", ""4"": ""Conversation shows weak-to-moderate evidence leaning toward high 'Sikh spiritual metric: Kirtan participation frequency'."", ""5"": ""Conversation shows clear, explicit, repeated evidence of high 'Sikh spiritual metric: Kirtan participation frequency'.""}"
F0325,Impulsivity,Impulsivity,,,False,,personality_trait_or_disposition,True,low,False,,False,,1-5 ordinal,"{""1"": ""Conversation shows clear, explicit evidence of low/absent 'Impulsivity' (or strong evidence of the opposite)."", ""2"": ""Conversation shows weak or partial evidence leaning toward low 'Impulsivity'."", ""3"": ""Evidence is mixed, neutral, or too thin to lean either direction on 'Impulsivity'."", ""4"": ""Conversation shows weak-to-moderate evidence leaning toward high 'Impulsivity'."", ""5"": ""Conversation shows clear, explicit, repeated evidence of high 'Impulsivity'.""}"
F0326,Museum visits/year,Museum visits/year,,,False,,behavioral_frequency_count,True,low,True,,False,,1-5 ordinal,"{""1"": ""Conversation shows clear, explicit evidence of low/absent 'Museum visits/year' (or strong evidence of the opposite)."", ""2"": ""Conversation shows weak or partial evidence leaning toward low 'Museum visits/year'."", ""3"": ""Evidence is mixed, neutral, or too thin to lean either direction on 'Museum visits/year'."", ""4"": ""Conversation shows weak-to-moderate evidence leaning toward high 'Museum visits/year'."", ""5"": ""Conversation shows clear, explicit, repeated evidence of high 'Museum visits/year'.""}"
F0327,Choir participation years,Choir participation years,,,False,,behavioral_frequency_count,True,low,True,,False,,1-5 ordinal,"{""1"": ""Conversation shows clear, explicit evidence of low/absent 'Choir participation years' (or strong evidence of the opposite)."", ""2"": ""Conversation shows weak or partial evidence leaning toward low 'Choir participation years'."", ""3"": ""Evidence is mixed, neutral, or too thin to lean either direction on 'Choir participation years'."", ""4"": ""Conversation shows weak-to-moderate evidence leaning toward high 'Choir participation years'."", ""5"": ""Conversation shows clear, explicit, repeated evidence of high 'Choir participation years'.""}"
F0328,Delegation Ability,Delegation Ability,,,False,,personality_trait_or_disposition,True,low,False,,False,,1-5 ordinal,"{""1"": ""Conversation shows clear, explicit evidence of low/absent 'Delegation Ability' (or strong evidence of the opposite)."", ""2"": ""Conversation shows weak or partial evidence leaning toward low 'Delegation Ability'."", ""3"": ""Evidence is mixed, neutral, or too thin to lean either direction on 'Delegation Ability'."", ""4"": ""Conversation shows weak-to-moderate evidence leaning toward high 'Delegation Ability'."", ""5"": ""Conversation shows clear, explicit, repeated evidence of high 'Delegation Ability'.""}"
F0329,788. Kabbalah sephira balance: Tiferet,Kabbalah sephira balance: Tiferet,788,stripped_leading_numeric_id,False,,spiritual_religious_practice,True,medium,True,,False,,1-5 ordinal,"{""1"": ""Conversation shows clear, explicit evidence of low/absent 'Kabbalah sephira balance: Tiferet' (or strong evidence of the opposite)."", ""2"": ""Conversation shows weak or partial evidence leaning toward low 'Kabbalah sephira balance: Tiferet'."", ""3"": ""Evidence is mixed, neutral, or too thin to lean either direction on 'Kabbalah sephira balance: Tiferet'."", ""4"": ""Conversation shows weak-to-moderate evidence leaning toward high 'Kabbalah sephira balance: Tiferet'."", ""5"": ""Conversation shows clear, explicit, repeated evidence of high 'Kabbalah sephira balance: Tiferet'.""}"
F0330,Desire to influence others,Desire to influence others,,,False,,personality_trait_or_disposition,True,low,False,,False,,1-5 ordinal,"{""1"": ""Conversation shows clear, explicit evidence of low/absent 'Desire to influence others' (or strong evidence of the opposite)."", ""2"": ""Conversation shows weak or partial evidence leaning toward low 'Desire to influence others'."", ""3"": ""Evidence is mixed, neutral, or too thin to lean either direction on 'Desire to influence others'."", ""4"": ""Conversation shows weak-to-moderate evidence leaning toward high 'Desire to influence others'."", ""5"": ""Conversation shows clear, explicit, repeated evidence of high 'Desire to influence others'.""}"
F0331,Vivacity,Vivacity,,,False,,personality_trait_or_disposition,True,low,False,,False,,1-5 ordinal,"{""1"": ""Conversation shows clear, explicit evidence of low/absent 'Vivacity' (or strong evidence of the opposite)."", ""2"": ""Conversation shows weak or partial evidence leaning toward low 'Vivacity'."", ""3"": ""Evidence is mixed, neutral, or too thin to lean either direction on 'Vivacity'."", ""4"": ""Conversation shows weak-to-moderate evidence leaning toward high 'Vivacity'."", ""5"": ""Conversation shows clear, explicit, repeated evidence of high 'Vivacity'.""}"
F0332,Genialness,Genialness,,,False,,personality_trait_or_disposition,True,low,False,,False,,1-5 ordinal,"{""1"": ""Conversation shows clear, explicit evidence of low/absent 'Genialness' (or strong evidence of the opposite)."", ""2"": ""Conversation shows weak or partial evidence leaning toward low 'Genialness'."", ""3"": ""Evidence is mixed, neutral, or too thin to lean either direction on 'Genialness'."", ""4"": ""Conversation shows weak-to-moderate evidence leaning toward high 'Genialness'."", ""5"": ""Conversation shows clear, explicit, repeated evidence of high 'Genialness'.""}"
F0333,Cognitive measure: Working Memory Index,Cognitive measure: Working Memory Index,,,False,,cognitive_psychometric,False,medium,False,requires_formal_psychometric_testing,False,,1-5 ordinal,"{""1"": ""Conversation shows clear, explicit evidence of low/absent 'Cognitive measure: Working Memory Index' (or strong evidence of the opposite)."", ""2"": ""Conversation shows weak or partial evidence leaning toward low 'Cognitive measure: Working Memory Index'."", ""3"": ""Evidence is mixed, neutral, or too thin to lean either direction on 'Cognitive measure: Working Memory Index'."", ""4"": ""Conversation shows weak-to-moderate evidence leaning toward high 'Cognitive measure: Working Memory Index'."", ""5"": ""Conversation shows clear, explicit, repeated evidence of high 'Cognitive measure: Working Memory Index'.""}"
F0334,Ethical practices,Ethical practices,,,False,,personality_trait_or_disposition,True,low,False,,False,,1-5 ordinal,"{""1"": ""Conversation shows clear, explicit evidence of low/absent 'Ethical practices' (or strong evidence of the opposite)."", ""2"": ""Conversation shows weak or partial evidence leaning toward low 'Ethical practices'."", ""3"": ""Evidence is mixed, neutral, or too thin to lean either direction on 'Ethical practices'."", ""4"": ""Conversation shows weak-to-moderate evidence leaning toward high 'Ethical practices'."", ""5"": ""Conversation shows clear, explicit, repeated evidence of high 'Ethical practices'.""}"
F0335,945. New-Age spiritual metric: Channeling sessions / year,New-Age spiritual metric: Channeling sessions / year,945,stripped_leading_numeric_id,False,,spiritual_religious_practice,True,medium,True,,False,,1-5 ordinal,"{""1"": ""Conversation shows clear, explicit evidence of low/absent 'New-Age spiritual metric: Channeling sessions / year' (or strong evidence of the opposite)."", ""2"": ""Conversation shows weak or partial evidence leaning toward low 'New-Age spiritual metric: Channeling sessions / year'."", ""3"": ""Evidence is mixed, neutral, or too thin to lean either direction on 'New-Age spiritual metric: Channeling sessions / year'."", ""4"": ""Conversation shows weak-to-moderate evidence leaning toward high 'New-Age spiritual metric: Channeling sessions / year'."", ""5"": ""Conversation shows clear, explicit, repeated evidence of high 'New-Age spiritual metric: Channeling sessions / year'.""}"
F0336,Civility,Civility,,,False,,personality_trait_or_disposition,True,low,False,,False,,1-5 ordinal,"{""1"": ""Conversation shows clear, explicit evidence of low/absent 'Civility' (or strong evidence of the opposite)."", ""2"": ""Conversation shows weak or partial evidence leaning toward low 'Civility'."", ""3"": ""Evidence is mixed, neutral, or too thin to lean either direction on 'Civility'."", ""4"": ""Conversation shows weak-to-moderate evidence leaning toward high 'Civility'."", ""5"": ""Conversation shows clear, explicit, repeated evidence of high 'Civility'.""}"
F0337,Sleep Apnea,Sleep Apnea,,,False,,clinical_psychological_scale,False,high,False,requires_validated_clinical_instrument_or_diagnosis,False,,1-5 ordinal,"{""1"": ""Conversation shows clear, explicit evidence of low/absent 'Sleep Apnea' (or strong evidence of the opposite)."", ""2"": ""Conversation shows weak or partial evidence leaning toward low 'Sleep Apnea'."", ""3"": ""Evidence is mixed, neutral, or too thin to lean either direction on 'Sleep Apnea'."", ""4"": ""Conversation shows weak-to-moderate evidence leaning toward high 'Sleep Apnea'."", ""5"": ""Conversation shows clear, explicit, repeated evidence of high 'Sleep Apnea'.""}"
F0338,Classiness,Classiness,,,False,,personality_trait_or_disposition,True,low,False,,False,,1-5 ordinal,"{""1"": ""Conversation shows clear, explicit evidence of low/absent 'Classiness' (or strong evidence of the opposite)."", ""2"": ""Conversation shows weak or partial evidence leaning toward low 'Classiness'."", ""3"": ""Evidence is mixed, neutral, or too thin to lean either direction on 'Classiness'."", ""4"": ""Conversation shows weak-to-moderate evidence leaning toward high 'Classiness'."", ""5"": ""Conversation shows clear, explicit, repeated evidence of high 'Classiness'.""}"
F0339,Control over situations,Control over situations,,,False,,personality_trait_or_disposition,True,low,False,,False,,1-5 ordinal,"{""1"": ""Conversation shows clear, explicit evidence of low/absent 'Control over situations' (or strong evidence of the opposite)."", ""2"": ""Conversation shows weak or partial evidence leaning toward low 'Control over situations'."", ""3"": ""Evidence is mixed, neutral, or too thin to lean either direction on 'Control over situations'."", ""4"": ""Conversation shows weak-to-moderate evidence leaning toward high 'Control over situations'."", ""5"": ""Conversation shows clear, explicit, repeated evidence of high 'Control over situations'.""}"
F0340,Time outdoors/day (h),Time outdoors/day (h),,,False,,behavioral_frequency_count,True,low,True,,False,,1-5 ordinal,"{""1"": ""Conversation shows clear, explicit evidence of low/absent 'Time outdoors/day (h)' (or strong evidence of the opposite)."", ""2"": ""Conversation shows weak or partial evidence leaning toward low 'Time outdoors/day (h)'."", ""3"": ""Evidence is mixed, neutral, or too thin to lean either direction on 'Time outdoors/day (h)'."", ""4"": ""Conversation shows weak-to-moderate evidence leaning toward high 'Time outdoors/day (h)'."", ""5"": ""Conversation shows clear, explicit, repeated evidence of high 'Time outdoors/day (h)'.""}"
F0341,Effeteness,Effeteness,,,False,,personality_trait_or_disposition,True,low,False,,False,,1-5 ordinal,"{""1"": ""Conversation shows clear, explicit evidence of low/absent 'Effeteness' (or strong evidence of the opposite)."", ""2"": ""Conversation shows weak or partial evidence leaning toward low 'Effeteness'."", ""3"": ""Evidence is mixed, neutral, or too thin to lean either direction on 'Effeteness'."", ""4"": ""Conversation shows weak-to-moderate evidence leaning toward high 'Effeteness'."", ""5"": ""Conversation shows clear, explicit, repeated evidence of high 'Effeteness'.""}"
F0342,Polygenic risk: cardiovascular disease,Polygenic risk: cardiovascular disease,,,False,,medical_biological,False,high,False,requires_medical_lab_or_genetic_evidence,False,,1-5 ordinal,"{""1"": ""Conversation shows clear, explicit evidence of low/absent 'Polygenic risk: cardiovascular disease' (or strong evidence of the opposite)."", ""2"": ""Conversation shows weak or partial evidence leaning toward low 'Polygenic risk: cardiovascular disease'."", ""3"": ""Evidence is mixed, neutral, or too thin to lean either direction on 'Polygenic risk: cardiovascular disease'."", ""4"": ""Conversation shows weak-to-moderate evidence leaning toward high 'Polygenic risk: cardiovascular disease'."", ""5"": ""Conversation shows clear, explicit, repeated evidence of high 'Polygenic risk: cardiovascular disease'.""}"
F0343,Psychological construct: Identity Diffusion level,Psychological construct: Identity Diffusion level,,,False,,personality_trait_or_disposition,True,low,False,,False,,1-5 ordinal,"{""1"": ""Conversation shows clear, explicit evidence of low/absent 'Psychological construct: Identity Diffusion level' (or strong evidence of the opposite)."", ""2"": ""Conversation shows weak or partial evidence leaning toward low 'Psychological construct: Identity Diffusion level'."", ""3"": ""Evidence is mixed, neutral, or too thin to lean either direction on 'Psychological construct: Identity Diffusion level'."", ""4"": ""Conversation shows weak-to-moderate evidence leaning toward high 'Psychological construct: Identity Diffusion level'."", ""5"": ""Conversation shows clear, explicit, repeated evidence of high 'Psychological construct: Identity Diffusion level'.""}"
F0344,Learning through movement,Learning through movement,,,False,,personality_trait_or_disposition,True,low,False,,False,,1-5 ordinal,"{""1"": ""Conversation shows clear, explicit evidence of low/absent 'Learning through movement' (or strong evidence of the opposite)."", ""2"": ""Conversation shows weak or partial evidence leaning toward low 'Learning through movement'."", ""3"": ""Evidence is mixed, neutral, or too thin to lean either direction on 'Learning through movement'."", ""4"": ""Conversation shows weak-to-moderate evidence leaning toward high 'Learning through movement'."", ""5"": ""Conversation shows clear, explicit, repeated evidence of high 'Learning through movement'.""}"
F0345,Caffeine sensitivity gene,Caffeine sensitivity gene,,,False,,medical_biological,False,high,False,requires_medical_lab_or_genetic_evidence,False,,1-5 ordinal,"{""1"": ""Conversation shows clear, explicit evidence of low/absent 'Caffeine sensitivity gene' (or strong evidence of the opposite)."", ""2"": ""Conversation shows weak or partial evidence leaning toward low 'Caffeine sensitivity gene'."", ""3"": ""Evidence is mixed, neutral, or too thin to lean either direction on 'Caffeine sensitivity gene'."", ""4"": ""Conversation shows weak-to-moderate evidence leaning toward high 'Caffeine sensitivity gene'."", ""5"": ""Conversation shows clear, explicit, repeated evidence of high 'Caffeine sensitivity gene'.""}"
F0346,Hatefulness,Hatefulness,,,False,,personality_trait_or_disposition,True,low,False,,False,,1-5 ordinal,"{""1"": ""Conversation shows clear, explicit evidence of low/absent 'Hatefulness' (or strong evidence of the opposite)."", ""2"": ""Conversation shows weak or partial evidence leaning toward low 'Hatefulness'."", ""3"": ""Evidence is mixed, neutral, or too thin to lean either direction on 'Hatefulness'."", ""4"": ""Conversation shows weak-to-moderate evidence leaning toward high 'Hatefulness'."", ""5"": ""Conversation shows clear, explicit, repeated evidence of high 'Hatefulness'.""}"
F0347,Persistence:,Persistence,,stripped_trailing_colon,True,header_like_trailing_colon,header_artifact,False,n/a,False,not_a_scorable_facet_category_header,False,,,
F0348,Psychological construct: Perfectionistic Strivings,Psychological construct: Perfectionistic Strivings,,,False,,personality_trait_or_disposition,True,low,False,,False,,1-5 ordinal,"{""1"": ""Conversation shows clear, explicit evidence of low/absent 'Psychological construct: Perfectionistic Strivings' (or strong evidence of the opposite)."", ""2"": ""Conversation shows weak or partial evidence leaning toward low 'Psychological construct: Perfectionistic Strivings'."", ""3"": ""Evidence is mixed, neutral, or too thin to lean either direction on 'Psychological construct: Perfectionistic Strivings'."", ""4"": ""Conversation shows weak-to-moderate evidence leaning toward high 'Psychological construct: Perfectionistic Strivings'."", ""5"": ""Conversation shows clear, explicit, repeated evidence of high 'Psychological construct: Perfectionistic Strivings'.""}"
F0349,Wake-time consistency,Wake-time consistency,,,False,,personality_trait_or_disposition,True,low,False,,False,,1-5 ordinal,"{""1"": ""Conversation shows clear, explicit evidence of low/absent 'Wake-time consistency' (or strong evidence of the opposite)."", ""2"": ""Conversation shows weak or partial evidence leaning toward low 'Wake-time consistency'."", ""3"": ""Evidence is mixed, neutral, or too thin to lean either direction on 'Wake-time consistency'."", ""4"": ""Conversation shows weak-to-moderate evidence leaning toward high 'Wake-time consistency'."", ""5"": ""Conversation shows clear, explicit, repeated evidence of high 'Wake-time consistency'.""}"
F0350,Numerical Reasoning:,Numerical Reasoning,,stripped_trailing_colon,True,header_like_trailing_colon,header_artifact,False,n/a,False,not_a_scorable_facet_category_header,False,,,
F0351,Social-cognition variable: Mentalizing network activation,Social-cognition variable: Mentalizing network activation,,,False,,personality_trait_or_disposition,True,low,False,,False,,1-5 ordinal,"{""1"": ""Conversation shows clear, explicit evidence of low/absent 'Social-cognition variable: Mentalizing network activation' (or strong evidence of the opposite)."", ""2"": ""Conversation shows weak or partial evidence leaning toward low 'Social-cognition variable: Mentalizing network activation'."", ""3"": ""Evidence is mixed, neutral, or too thin to lean either direction on 'Social-cognition variable: Mentalizing network activation'."", ""4"": ""Conversation shows weak-to-moderate evidence leaning toward high 'Social-cognition variable: Mentalizing network activation'."", ""5"": ""Conversation shows clear, explicit, repeated evidence of high 'Social-cognition variable: Mentalizing network activation'.""}"
F0352,Patriotism,Patriotism,,,False,,personality_trait_or_disposition,True,low,False,,False,,1-5 ordinal,"{""1"": ""Conversation shows clear, explicit evidence of low/absent 'Patriotism' (or strong evidence of the opposite)."", ""2"": ""Conversation shows weak or partial evidence leaning toward low 'Patriotism'."", ""3"": ""Evidence is mixed, neutral, or too thin to lean either direction on 'Patriotism'."", ""4"": ""Conversation shows weak-to-moderate evidence leaning toward high 'Patriotism'."", ""5"": ""Conversation shows clear, explicit, repeated evidence of high 'Patriotism'.""}"
F0353,Leadership Styles:,Leadership Styles,,stripped_trailing_colon,True,header_like_trailing_colon,header_artifact,False,n/a,False,not_a_scorable_facet_category_header,False,,,
F0354,Servility,Servility,,,False,,personality_trait_or_disposition,True,low,False,,False,,1-5 ordinal,"{""1"": ""Conversation shows clear, explicit evidence of low/absent 'Servility' (or strong evidence of the opposite)."", ""2"": ""Conversation shows weak or partial evidence leaning toward low 'Servility'."", ""3"": ""Evidence is mixed, neutral, or too thin to lean either direction on 'Servility'."", ""4"": ""Conversation shows weak-to-moderate evidence leaning toward high 'Servility'."", ""5"": ""Conversation shows clear, explicit, repeated evidence of high 'Servility'.""}"
F0355,742. I Ching hexagram 24 resonance level,I Ching hexagram 24 resonance level,742,stripped_leading_numeric_id,False,,spiritual_religious_practice,True,medium,True,,False,,1-5 ordinal,"{""1"": ""Conversation shows clear, explicit evidence of low/absent 'I Ching hexagram 24 resonance level' (or strong evidence of the opposite)."", ""2"": ""Conversation shows weak or partial evidence leaning toward low 'I Ching hexagram 24 resonance level'."", ""3"": ""Evidence is mixed, neutral, or too thin to lean either direction on 'I Ching hexagram 24 resonance level'."", ""4"": ""Conversation shows weak-to-moderate evidence leaning toward high 'I Ching hexagram 24 resonance level'."", ""5"": ""Conversation shows clear, explicit, repeated evidence of high 'I Ching hexagram 24 resonance level'.""}"
F0356,Enneagram Personality Types:,Enneagram Personality Types,,stripped_trailing_colon,True,header_like_trailing_colon,header_artifact,False,n/a,False,not_a_scorable_facet_category_header,False,,,
F0357,Stress Recovery Ability,Stress Recovery Ability,,,False,,personality_trait_or_disposition,True,low,False,,False,,1-5 ordinal,"{""1"": ""Conversation shows clear, explicit evidence of low/absent 'Stress Recovery Ability' (or strong evidence of the opposite)."", ""2"": ""Conversation shows weak or partial evidence leaning toward low 'Stress Recovery Ability'."", ""3"": ""Evidence is mixed, neutral, or too thin to lean either direction on 'Stress Recovery Ability'."", ""4"": ""Conversation shows weak-to-moderate evidence leaning toward high 'Stress Recovery Ability'."", ""5"": ""Conversation shows clear, explicit, repeated evidence of high 'Stress Recovery Ability'.""}"
F0358,Troubleshooting technical issues,Troubleshooting technical issues,,,False,,personality_trait_or_disposition,True,low,False,,False,,1-5 ordinal,"{""1"": ""Conversation shows clear, explicit evidence of low/absent 'Troubleshooting technical issues' (or strong evidence of the opposite)."", ""2"": ""Conversation shows weak or partial evidence leaning toward low 'Troubleshooting technical issues'."", ""3"": ""Evidence is mixed, neutral, or too thin to lean either direction on 'Troubleshooting technical issues'."", ""4"": ""Conversation shows weak-to-moderate evidence leaning toward high 'Troubleshooting technical issues'."", ""5"": ""Conversation shows clear, explicit, repeated evidence of high 'Troubleshooting technical issues'.""}"
F0359,Defense-mechanism tendency: Introjection,Defense-mechanism tendency: Introjection,,,False,,personality_trait_or_disposition,True,low,False,,False,,1-5 ordinal,"{""1"": ""Conversation shows clear, explicit evidence of low/absent 'Defense-mechanism tendency: Introjection' (or strong evidence of the opposite)."", ""2"": ""Conversation shows weak or partial evidence leaning toward low 'Defense-mechanism tendency: Introjection'."", ""3"": ""Evidence is mixed, neutral, or too thin to lean either direction on 'Defense-mechanism tendency: Introjection'."", ""4"": ""Conversation shows weak-to-moderate evidence leaning toward high 'Defense-mechanism tendency: Introjection'."", ""5"": ""Conversation shows clear, explicit, repeated evidence of high 'Defense-mechanism tendency: Introjection'.""}"
F0360,Irritability,Irritability,,,False,,personality_trait_or_disposition,True,low,False,,False,,1-5 ordinal,"{""1"": ""Conversation shows clear, explicit evidence of low/absent 'Irritability' (or strong evidence of the opposite)."", ""2"": ""Conversation shows weak or partial evidence leaning toward low 'Irritability'."", ""3"": ""Evidence is mixed, neutral, or too thin to lean either direction on 'Irritability'."", ""4"": ""Conversation shows weak-to-moderate evidence leaning toward high 'Irritability'."", ""5"": ""Conversation shows clear, explicit, repeated evidence of high 'Irritability'.""}"
F0361,Travel-companions diversity,Travel-companions diversity,,,False,,personality_trait_or_disposition,True,low,False,,False,,1-5 ordinal,"{""1"": ""Conversation shows clear, explicit evidence of low/absent 'Travel-companions diversity' (or strong evidence of the opposite)."", ""2"": ""Conversation shows weak or partial evidence leaning toward low 'Travel-companions diversity'."", ""3"": ""Evidence is mixed, neutral, or too thin to lean either direction on 'Travel-companions diversity'."", ""4"": ""Conversation shows weak-to-moderate evidence leaning toward high 'Travel-companions diversity'."", ""5"": ""Conversation shows clear, explicit, repeated evidence of high 'Travel-companions diversity'.""}"
F0362,627. Sacred text engagement: Quran surahs memorized,Sacred text engagement: Quran surahs memorized,627,stripped_leading_numeric_id,False,,spiritual_religious_practice,True,medium,True,,False,,1-5 ordinal,"{""1"": ""Conversation shows clear, explicit evidence of low/absent 'Sacred text engagement: Quran surahs memorized' (or strong evidence of the opposite)."", ""2"": ""Conversation shows weak or partial evidence leaning toward low 'Sacred text engagement: Quran surahs memorized'."", ""3"": ""Evidence is mixed, neutral, or too thin to lean either direction on 'Sacred text engagement: Quran surahs memorized'."", ""4"": ""Conversation shows weak-to-moderate evidence leaning toward high 'Sacred text engagement: Quran surahs memorized'."", ""5"": ""Conversation shows clear, explicit, repeated evidence of high 'Sacred text engagement: Quran surahs memorized'.""}"
F0363,Trust in others,Trust in others,,,False,,personality_trait_or_disposition,True,low,False,,False,,1-5 ordinal,"{""1"": ""Conversation shows clear, explicit evidence of low/absent 'Trust in others' (or strong evidence of the opposite)."", ""2"": ""Conversation shows weak or partial evidence leaning toward low 'Trust in others'."", ""3"": ""Evidence is mixed, neutral, or too thin to lean either direction on 'Trust in others'."", ""4"": ""Conversation shows weak-to-moderate evidence leaning toward high 'Trust in others'."", ""5"": ""Conversation shows clear, explicit, repeated evidence of high 'Trust in others'.""}"
F0364,Gamified-finance-app usage,Gamified-finance-app usage,,,False,,personality_trait_or_disposition,True,low,False,,False,,1-5 ordinal,"{""1"": ""Conversation shows clear, explicit evidence of low/absent 'Gamified-finance-app usage' (or strong evidence of the opposite)."", ""2"": ""Conversation shows weak or partial evidence leaning toward low 'Gamified-finance-app usage'."", ""3"": ""Evidence is mixed, neutral, or too thin to lean either direction on 'Gamified-finance-app usage'."", ""4"": ""Conversation shows weak-to-moderate evidence leaning toward high 'Gamified-finance-app usage'."", ""5"": ""Conversation shows clear, explicit, repeated evidence of high 'Gamified-finance-app usage'.""}"
F0365,823. Buddhist practice: Eightfold Path – Right Intention level,Buddhist practice: Eightfold Path – Right Intention level,823,stripped_leading_numeric_id,False,,spiritual_religious_practice,True,medium,True,,False,,1-5 ordinal,"{""1"": ""Conversation shows clear, explicit evidence of low/absent 'Buddhist practice: Eightfold Path – Right Intention level' (or strong evidence of the opposite)."", ""2"": ""Conversation shows weak or partial evidence leaning toward low 'Buddhist practice: Eightfold Path – Right Intention level'."", ""3"": ""Evidence is mixed, neutral, or too thin to lean either direction on 'Buddhist practice: Eightfold Path – Right Intention level'."", ""4"": ""Conversation shows weak-to-moderate evidence leaning toward high 'Buddhist practice: Eightfold Path – Right Intention level'."", ""5"": ""Conversation shows clear, explicit, repeated evidence of high 'Buddhist practice: Eightfold Path – Right Intention level'.""}"
F0366,Caffeine intake (mg/day),Caffeine intake (mg/day),,,False,,behavioral_frequency_count,True,low,True,,False,,1-5 ordinal,"{""1"": ""Conversation shows clear, explicit evidence of low/absent 'Caffeine intake (mg/day)' (or strong evidence of the opposite)."", ""2"": ""Conversation shows weak or partial evidence leaning toward low 'Caffeine intake (mg/day)'."", ""3"": ""Evidence is mixed, neutral, or too thin to lean either direction on 'Caffeine intake (mg/day)'."", ""4"": ""Conversation shows weak-to-moderate evidence leaning toward high 'Caffeine intake (mg/day)'."", ""5"": ""Conversation shows clear, explicit, repeated evidence of high 'Caffeine intake (mg/day)'.""}"
F0367,Comfort with Vulnerability,Comfort with Vulnerability,,,False,,personality_trait_or_disposition,True,low,False,,False,,1-5 ordinal,"{""1"": ""Conversation shows clear, explicit evidence of low/absent 'Comfort with Vulnerability' (or strong evidence of the opposite)."", ""2"": ""Conversation shows weak or partial evidence leaning toward low 'Comfort with Vulnerability'."", ""3"": ""Evidence is mixed, neutral, or too thin to lean either direction on 'Comfort with Vulnerability'."", ""4"": ""Conversation shows weak-to-moderate evidence leaning toward high 'Comfort with Vulnerability'."", ""5"": ""Conversation shows clear, explicit, repeated evidence of high 'Comfort with Vulnerability'.""}"
F0368,Anticipativeness,Anticipativeness,,,False,,personality_trait_or_disposition,True,low,False,,False,,1-5 ordinal,"{""1"": ""Conversation shows clear, explicit evidence of low/absent 'Anticipativeness' (or strong evidence of the opposite)."", ""2"": ""Conversation shows weak or partial evidence leaning toward low 'Anticipativeness'."", ""3"": ""Evidence is mixed, neutral, or too thin to lean either direction on 'Anticipativeness'."", ""4"": ""Conversation shows weak-to-moderate evidence leaning toward high 'Anticipativeness'."", ""5"": ""Conversation shows clear, explicit, repeated evidence of high 'Anticipativeness'.""}"
F0369,Additional Common Parameters and Their End Points:,Additional Common Parameters and Their End Points,,stripped_trailing_colon,True,header_like_trailing_colon,header_artifact,False,n/a,False,not_a_scorable_facet_category_header,False,,,
F0370,Avoiding:,Avoiding,,stripped_trailing_colon,True,header_like_trailing_colon,header_artifact,False,n/a,False,not_a_scorable_facet_category_header,False,,,
F0371,Home-security-system presence,Home-security-system presence,,,False,,sensitive_biographical,True,high,True,,False,,1-5 ordinal,"{""1"": ""Conversation shows clear, explicit evidence of low/absent 'Home-security-system presence' (or strong evidence of the opposite)."", ""2"": ""Conversation shows weak or partial evidence leaning toward low 'Home-security-system presence'."", ""3"": ""Evidence is mixed, neutral, or too thin to lean either direction on 'Home-security-system presence'."", ""4"": ""Conversation shows weak-to-moderate evidence leaning toward high 'Home-security-system presence'."", ""5"": ""Conversation shows clear, explicit, repeated evidence of high 'Home-security-system presence'.""}"
F0372,HEXACO domain: Honesty-Humility,HEXACO domain: Honesty-Humility,,,False,,personality_trait_or_disposition,True,low,False,,False,,1-5 ordinal,"{""1"": ""Conversation shows clear, explicit evidence of low/absent 'HEXACO domain: Honesty-Humility' (or strong evidence of the opposite)."", ""2"": ""Conversation shows weak or partial evidence leaning toward low 'HEXACO domain: Honesty-Humility'."", ""3"": ""Evidence is mixed, neutral, or too thin to lean either direction on 'HEXACO domain: Honesty-Humility'."", ""4"": ""Conversation shows weak-to-moderate evidence leaning toward high 'HEXACO domain: Honesty-Humility'."", ""5"": ""Conversation shows clear, explicit, repeated evidence of high 'HEXACO domain: Honesty-Humility'.""}"
F0373,Eating Habits (Home-Cooked vs. Eating Out),Eating Habits (Home-Cooked vs. Eating Out),,,False,,personality_trait_or_disposition,True,low,False,,False,,1-5 ordinal,"{""1"": ""Conversation shows clear, explicit evidence of low/absent 'Eating Habits (Home-Cooked vs. Eating Out)' (or strong evidence of the opposite)."", ""2"": ""Conversation shows weak or partial evidence leaning toward low 'Eating Habits (Home-Cooked vs. Eating Out)'."", ""3"": ""Evidence is mixed, neutral, or too thin to lean either direction on 'Eating Habits (Home-Cooked vs. Eating Out)'."", ""4"": ""Conversation shows weak-to-moderate evidence leaning toward high 'Eating Habits (Home-Cooked vs. Eating Out)'."", ""5"": ""Conversation shows clear, explicit, repeated evidence of high 'Eating Habits (Home-Cooked vs. Eating Out)'.""}"
F0374,Decision-Making Confidence,Decision-Making Confidence,,,False,,personality_trait_or_disposition,True,low,False,,False,,1-5 ordinal,"{""1"": ""Conversation shows clear, explicit evidence of low/absent 'Decision-Making Confidence' (or strong evidence of the opposite)."", ""2"": ""Conversation shows weak or partial evidence leaning toward low 'Decision-Making Confidence'."", ""3"": ""Evidence is mixed, neutral, or too thin to lean either direction on 'Decision-Making Confidence'."", ""4"": ""Conversation shows weak-to-moderate evidence leaning toward high 'Decision-Making Confidence'."", ""5"": ""Conversation shows clear, explicit, repeated evidence of high 'Decision-Making Confidence'.""}"
F0375,Alignment with societal roles,Alignment with societal roles,,,False,,personality_trait_or_disposition,True,low,False,,False,,1-5 ordinal,"{""1"": ""Conversation shows clear, explicit evidence of low/absent 'Alignment with societal roles' (or strong evidence of the opposite)."", ""2"": ""Conversation shows weak or partial evidence leaning toward low 'Alignment with societal roles'."", ""3"": ""Evidence is mixed, neutral, or too thin to lean either direction on 'Alignment with societal roles'."", ""4"": ""Conversation shows weak-to-moderate evidence leaning toward high 'Alignment with societal roles'."", ""5"": ""Conversation shows clear, explicit, repeated evidence of high 'Alignment with societal roles'.""}"
F0376,Connectedness: Belief in interconnections,Connectedness: Belief in interconnections,,,False,,personality_trait_or_disposition,True,low,False,,False,,1-5 ordinal,"{""1"": ""Conversation shows clear, explicit evidence of low/absent 'Connectedness: Belief in interconnections' (or strong evidence of the opposite)."", ""2"": ""Conversation shows weak or partial evidence leaning toward low 'Connectedness: Belief in interconnections'."", ""3"": ""Evidence is mixed, neutral, or too thin to lean either direction on 'Connectedness: Belief in interconnections'."", ""4"": ""Conversation shows weak-to-moderate evidence leaning toward high 'Connectedness: Belief in interconnections'."", ""5"": ""Conversation shows clear, explicit, repeated evidence of high 'Connectedness: Belief in interconnections'.""}"
F0377,Quirkiness,Quirkiness,,,False,,personality_trait_or_disposition,True,low,False,,False,,1-5 ordinal,"{""1"": ""Conversation shows clear, explicit evidence of low/absent 'Quirkiness' (or strong evidence of the opposite)."", ""2"": ""Conversation shows weak or partial evidence leaning toward low 'Quirkiness'."", ""3"": ""Evidence is mixed, neutral, or too thin to lean either direction on 'Quirkiness'."", ""4"": ""Conversation shows weak-to-moderate evidence leaning toward high 'Quirkiness'."", ""5"": ""Conversation shows clear, explicit, repeated evidence of high 'Quirkiness'.""}"
F0378,Creative resilience,Creative resilience,,,False,,personality_trait_or_disposition,True,low,False,,False,,1-5 ordinal,"{""1"": ""Conversation shows clear, explicit evidence of low/absent 'Creative resilience' (or strong evidence of the opposite)."", ""2"": ""Conversation shows weak or partial evidence leaning toward low 'Creative resilience'."", ""3"": ""Evidence is mixed, neutral, or too thin to lean either direction on 'Creative resilience'."", ""4"": ""Conversation shows weak-to-moderate evidence leaning toward high 'Creative resilience'."", ""5"": ""Conversation shows clear, explicit, repeated evidence of high 'Creative resilience'.""}"
F0379,Rapid cognitive processing,Rapid cognitive processing,,,False,,personality_trait_or_disposition,True,low,False,,False,,1-5 ordinal,"{""1"": ""Conversation shows clear, explicit evidence of low/absent 'Rapid cognitive processing' (or strong evidence of the opposite)."", ""2"": ""Conversation shows weak or partial evidence leaning toward low 'Rapid cognitive processing'."", ""3"": ""Evidence is mixed, neutral, or too thin to lean either direction on 'Rapid cognitive processing'."", ""4"": ""Conversation shows weak-to-moderate evidence leaning toward high 'Rapid cognitive processing'."", ""5"": ""Conversation shows clear, explicit, repeated evidence of high 'Rapid cognitive processing'.""}"
F0380,Cordiality,Cordiality,,,False,,personality_trait_or_disposition,True,low,False,,False,,1-5 ordinal,"{""1"": ""Conversation shows clear, explicit evidence of low/absent 'Cordiality' (or strong evidence of the opposite)."", ""2"": ""Conversation shows weak or partial evidence leaning toward low 'Cordiality'."", ""3"": ""Evidence is mixed, neutral, or too thin to lean either direction on 'Cordiality'."", ""4"": ""Conversation shows weak-to-moderate evidence leaning toward high 'Cordiality'."", ""5"": ""Conversation shows clear, explicit, repeated evidence of high 'Cordiality'.""}"
F0381,Types of Mindfulness Techniques Used,Types of Mindfulness Techniques Used,,,False,,personality_trait_or_disposition,True,low,False,,False,,1-5 ordinal,"{""1"": ""Conversation shows clear, explicit evidence of low/absent 'Types of Mindfulness Techniques Used' (or strong evidence of the opposite)."", ""2"": ""Conversation shows weak or partial evidence leaning toward low 'Types of Mindfulness Techniques Used'."", ""3"": ""Evidence is mixed, neutral, or too thin to lean either direction on 'Types of Mindfulness Techniques Used'."", ""4"": ""Conversation shows weak-to-moderate evidence leaning toward high 'Types of Mindfulness Techniques Used'."", ""5"": ""Conversation shows clear, explicit, repeated evidence of high 'Types of Mindfulness Techniques Used'.""}"
F0382,Economic reasoning,Economic reasoning,,,False,,cognitive_psychometric,False,medium,False,requires_formal_psychometric_testing,False,,1-5 ordinal,"{""1"": ""Conversation shows clear, explicit evidence of low/absent 'Economic reasoning' (or strong evidence of the opposite)."", ""2"": ""Conversation shows weak or partial evidence leaning toward low 'Economic reasoning'."", ""3"": ""Evidence is mixed, neutral, or too thin to lean either direction on 'Economic reasoning'."", ""4"": ""Conversation shows weak-to-moderate evidence leaning toward high 'Economic reasoning'."", ""5"": ""Conversation shows clear, explicit, repeated evidence of high 'Economic reasoning'.""}"
F0383,Conformity,Conformity,,,False,,personality_trait_or_disposition,True,low,False,,False,,1-5 ordinal,"{""1"": ""Conversation shows clear, explicit evidence of low/absent 'Conformity' (or strong evidence of the opposite)."", ""2"": ""Conversation shows weak or partial evidence leaning toward low 'Conformity'."", ""3"": ""Evidence is mixed, neutral, or too thin to lean either direction on 'Conformity'."", ""4"": ""Conversation shows weak-to-moderate evidence leaning toward high 'Conformity'."", ""5"": ""Conversation shows clear, explicit, repeated evidence of high 'Conformity'.""}"
F0384,Pet-enrichment activities count,Pet-enrichment activities count,,,False,,behavioral_frequency_count,True,low,True,,False,,1-5 ordinal,"{""1"": ""Conversation shows clear, explicit evidence of low/absent 'Pet-enrichment activities count' (or strong evidence of the opposite)."", ""2"": ""Conversation shows weak or partial evidence leaning toward low 'Pet-enrichment activities count'."", ""3"": ""Evidence is mixed, neutral, or too thin to lean either direction on 'Pet-enrichment activities count'."", ""4"": ""Conversation shows weak-to-moderate evidence leaning toward high 'Pet-enrichment activities count'."", ""5"": ""Conversation shows clear, explicit, repeated evidence of high 'Pet-enrichment activities count'.""}"
F0385,Aestheticism,Aestheticism,,,False,,personality_trait_or_disposition,True,low,False,,False,,1-5 ordinal,"{""1"": ""Conversation shows clear, explicit evidence of low/absent 'Aestheticism' (or strong evidence of the opposite)."", ""2"": ""Conversation shows weak or partial evidence leaning toward low 'Aestheticism'."", ""3"": ""Evidence is mixed, neutral, or too thin to lean either direction on 'Aestheticism'."", ""4"": ""Conversation shows weak-to-moderate evidence leaning toward high 'Aestheticism'."", ""5"": ""Conversation shows clear, explicit, repeated evidence of high 'Aestheticism'.""}"
F0386,Type of Support Preferred (Emotional vs. Practical),Type of Support Preferred (Emotional vs. Practical),,,False,,personality_trait_or_disposition,True,low,False,,False,,1-5 ordinal,"{""1"": ""Conversation shows clear, explicit evidence of low/absent 'Type of Support Preferred (Emotional vs. Practical)' (or strong evidence of the opposite)."", ""2"": ""Conversation shows weak or partial evidence leaning toward low 'Type of Support Preferred (Emotional vs. Practical)'."", ""3"": ""Evidence is mixed, neutral, or too thin to lean either direction on 'Type of Support Preferred (Emotional vs. Practical)'."", ""4"": ""Conversation shows weak-to-moderate evidence leaning toward high 'Type of Support Preferred (Emotional vs. Practical)'."", ""5"": ""Conversation shows clear, explicit, repeated evidence of high 'Type of Support Preferred (Emotional vs. Practical)'.""}"
F0387,Mental Arithmetic Speed,Mental Arithmetic Speed,,,False,,cognitive_psychometric,False,medium,False,requires_formal_psychometric_testing,False,,1-5 ordinal,"{""1"": ""Conversation shows clear, explicit evidence of low/absent 'Mental Arithmetic Speed' (or strong evidence of the opposite)."", ""2"": ""Conversation shows weak or partial evidence leaning toward low 'Mental Arithmetic Speed'."", ""3"": ""Evidence is mixed, neutral, or too thin to lean either direction on 'Mental Arithmetic Speed'."", ""4"": ""Conversation shows weak-to-moderate evidence leaning toward high 'Mental Arithmetic Speed'."", ""5"": ""Conversation shows clear, explicit, repeated evidence of high 'Mental Arithmetic Speed'.""}"
F0388,Patience: Resistance to anger,Patience: Resistance to anger,,,False,,personality_trait_or_disposition,True,low,False,,False,,1-5 ordinal,"{""1"": ""Conversation shows clear, explicit evidence of low/absent 'Patience: Resistance to anger' (or strong evidence of the opposite)."", ""2"": ""Conversation shows weak or partial evidence leaning toward low 'Patience: Resistance to anger'."", ""3"": ""Evidence is mixed, neutral, or too thin to lean either direction on 'Patience: Resistance to anger'."", ""4"": ""Conversation shows weak-to-moderate evidence leaning toward high 'Patience: Resistance to anger'."", ""5"": ""Conversation shows clear, explicit, repeated evidence of high 'Patience: Resistance to anger'.""}"
F0389,Flawlessness,Flawlessness,,,False,,personality_trait_or_disposition,True,low,False,,False,,1-5 ordinal,"{""1"": ""Conversation shows clear, explicit evidence of low/absent 'Flawlessness' (or strong evidence of the opposite)."", ""2"": ""Conversation shows weak or partial evidence leaning toward low 'Flawlessness'."", ""3"": ""Evidence is mixed, neutral, or too thin to lean either direction on 'Flawlessness'."", ""4"": ""Conversation shows weak-to-moderate evidence leaning toward high 'Flawlessness'."", ""5"": ""Conversation shows clear, explicit, repeated evidence of high 'Flawlessness'.""}"
F0390,Self-Efficacy,Self-Efficacy,,,False,,personality_trait_or_disposition,True,low,False,,False,,1-5 ordinal,"{""1"": ""Conversation shows clear, explicit evidence of low/absent 'Self-Efficacy' (or strong evidence of the opposite)."", ""2"": ""Conversation shows weak or partial evidence leaning toward low 'Self-Efficacy'."", ""3"": ""Evidence is mixed, neutral, or too thin to lean either direction on 'Self-Efficacy'."", ""4"": ""Conversation shows weak-to-moderate evidence leaning toward high 'Self-Efficacy'."", ""5"": ""Conversation shows clear, explicit, repeated evidence of high 'Self-Efficacy'.""}"
F0391,Computer Skills:,Computer Skills,,stripped_trailing_colon,True,header_like_trailing_colon,header_artifact,False,n/a,False,not_a_scorable_facet_category_header,False,,,
F0392,899. Jewish spiritual metric: Shabbat candle-lighting consistency,Jewish spiritual metric: Shabbat candle-lighting consistency,899,stripped_leading_numeric_id,False,,spiritual_religious_practice,True,medium,True,,False,,1-5 ordinal,"{""1"": ""Conversation shows clear, explicit evidence of low/absent 'Jewish spiritual metric: Shabbat candle-lighting consistency' (or strong evidence of the opposite)."", ""2"": ""Conversation shows weak or partial evidence leaning toward low 'Jewish spiritual metric: Shabbat candle-lighting consistency'."", ""3"": ""Evidence is mixed, neutral, or too thin to lean either direction on 'Jewish spiritual metric: Shabbat candle-lighting consistency'."", ""4"": ""Conversation shows weak-to-moderate evidence leaning toward high 'Jewish spiritual metric: Shabbat candle-lighting consistency'."", ""5"": ""Conversation shows clear, explicit, repeated evidence of high 'Jewish spiritual metric: Shabbat candle-lighting consistency'.""}"
F0393,Spelling Accuracy,Spelling Accuracy,,,False,,cognitive_psychometric,False,medium,False,requires_formal_psychometric_testing,False,,1-5 ordinal,"{""1"": ""Conversation shows clear, explicit evidence of low/absent 'Spelling Accuracy' (or strong evidence of the opposite)."", ""2"": ""Conversation shows weak or partial evidence leaning toward low 'Spelling Accuracy'."", ""3"": ""Evidence is mixed, neutral, or too thin to lean either direction on 'Spelling Accuracy'."", ""4"": ""Conversation shows weak-to-moderate evidence leaning toward high 'Spelling Accuracy'."", ""5"": ""Conversation shows clear, explicit, repeated evidence of high 'Spelling Accuracy'.""}"
F0394,793. Sufi practice: Dhikr repetitions / day,Sufi practice: Dhikr repetitions / day,793,stripped_leading_numeric_id,False,,spiritual_religious_practice,True,medium,True,,False,,1-5 ordinal,"{""1"": ""Conversation shows clear, explicit evidence of low/absent 'Sufi practice: Dhikr repetitions / day' (or strong evidence of the opposite)."", ""2"": ""Conversation shows weak or partial evidence leaning toward low 'Sufi practice: Dhikr repetitions / day'."", ""3"": ""Evidence is mixed, neutral, or too thin to lean either direction on 'Sufi practice: Dhikr repetitions / day'."", ""4"": ""Conversation shows weak-to-moderate evidence leaning toward high 'Sufi practice: Dhikr repetitions / day'."", ""5"": ""Conversation shows clear, explicit, repeated evidence of high 'Sufi practice: Dhikr repetitions / day'.""}"
F0395,Peacefulness,Peacefulness,,,False,,personality_trait_or_disposition,True,low,False,,False,,1-5 ordinal,"{""1"": ""Conversation shows clear, explicit evidence of low/absent 'Peacefulness' (or strong evidence of the opposite)."", ""2"": ""Conversation shows weak or partial evidence leaning toward low 'Peacefulness'."", ""3"": ""Evidence is mixed, neutral, or too thin to lean either direction on 'Peacefulness'."", ""4"": ""Conversation shows weak-to-moderate evidence leaning toward high 'Peacefulness'."", ""5"": ""Conversation shows clear, explicit, repeated evidence of high 'Peacefulness'.""}"
F0396,Doggedness,Doggedness,,,False,,personality_trait_or_disposition,True,low,False,,False,,1-5 ordinal,"{""1"": ""Conversation shows clear, explicit evidence of low/absent 'Doggedness' (or strong evidence of the opposite)."", ""2"": ""Conversation shows weak or partial evidence leaning toward low 'Doggedness'."", ""3"": ""Evidence is mixed, neutral, or too thin to lean either direction on 'Doggedness'."", ""4"": ""Conversation shows weak-to-moderate evidence leaning toward high 'Doggedness'."", ""5"": ""Conversation shows clear, explicit, repeated evidence of high 'Doggedness'.""}"
F0397,Decency,Decency,,,False,,personality_trait_or_disposition,True,low,False,,False,,1-5 ordinal,"{""1"": ""Conversation shows clear, explicit evidence of low/absent 'Decency' (or strong evidence of the opposite)."", ""2"": ""Conversation shows weak or partial evidence leaning toward low 'Decency'."", ""3"": ""Evidence is mixed, neutral, or too thin to lean either direction on 'Decency'."", ""4"": ""Conversation shows weak-to-moderate evidence leaning toward high 'Decency'."", ""5"": ""Conversation shows clear, explicit, repeated evidence of high 'Decency'.""}"
F0398,Processed-food frequency,Processed-food frequency,,,False,,behavioral_frequency_count,True,low,True,,False,,1-5 ordinal,"{""1"": ""Conversation shows clear, explicit evidence of low/absent 'Processed-food frequency' (or strong evidence of the opposite)."", ""2"": ""Conversation shows weak or partial evidence leaning toward low 'Processed-food frequency'."", ""3"": ""Evidence is mixed, neutral, or too thin to lean either direction on 'Processed-food frequency'."", ""4"": ""Conversation shows weak-to-moderate evidence leaning toward high 'Processed-food frequency'."", ""5"": ""Conversation shows clear, explicit, repeated evidence of high 'Processed-food frequency'.""}"
